-1.0400e-05,-12
-1.0396e-05,-8
-1.0392e-05,-8
-1.0388e-05,-4
-1.0384e-05,-8
-1.0380e-05,-16
-1.0376e-05,-8
-1.0372e-05,-8
-1.0368e-05,-8
-1.0364e-05,-8
-1.0360e-05,-12
-1.0356e-05,-8
-1.0352e-05,-12
-1.0348e-05,-4
-1.0344e-05,-8
-1.0340e-05,-12
-1.0336e-05,-12
-1.0332e-05,-4
-1.0328e-05,-8
-1.0324e-05,-8
-1.0320e-05,-8
-1.0316e-05,-12
-1.0312e-05,-8
-1.0308e-05,-12
-1.0304e-05,-8
-1.0300e-05,-12
-1.0296e-05,-12
-1.0292e-05,-12
-1.0288e-05,-8
-1.0284e-05,-4
-1.0280e-05,-12
-1.0276e-05,-4
-1.0272e-05,-12
-1.0268e-05,-12
-1.0264e-05,-8
-1.0260e-05,-8
-1.0256e-05,-4
-1.0252e-05,-16
-1.0248e-05,-4
-1.0244e-05,-12
-1.0240e-05,-8
-1.0236e-05,-8
-1.0232e-05,-12
-1.0228e-05,-4
-1.0224e-05,-8
-1.0220e-05,-12
-1.0216e-05,-8
-1.0212e-05,-4
-1.0208e-05,-16
-1.0204e-05,-8
-1.0200e-05,-16
-1.0196e-05,-8
-1.0192e-05,-8
-1.0188e-05,-12
-1.0184e-05,-12
-1.0180e-05,-4
-1.0176e-05,-12
-1.0172e-05,-4
-1.0168e-05,-8
-1.0164e-05,-12
-1.0160e-05,-12
-1.0156e-05,-4
-1.0152e-05,-4
-1.0148e-05,-8
-1.0144e-05,-12
-1.0140e-05,-4
-1.0136e-05,-8
-1.0132e-05,-12
-1.0128e-05,-12
-1.0124e-05,-12
-1.0120e-05,-12
-1.0116e-05,-12
-1.0112e-05,-12
-1.0108e-05,-12
-1.0104e-05,-12
-1.0100e-05,-12
-1.0096e-05,-4
-1.0092e-05,-4
-1.0088e-05,-8
-1.0084e-05,-12
-1.0080e-05,-4
-1.0076e-05,-12
-1.0072e-05,-8
-1.0068e-05,-8
-1.0064e-05,-12
-1.0060e-05,-8
-1.0056e-05,-8
-1.0052e-05,-4
-1.0048e-05,-8
-1.0044e-05,-4
-1.0040e-05,-4
-1.0036e-05,-8
-1.0032e-05,0
-1.0028e-05,-12
-1.0024e-05,-8
-1.0020e-05,-4
-1.0016e-05,-8
-1.0012e-05,-12
-1.0008e-05,-4
-1.0004e-05,-12
-1.000e-05,-12
-9.996e-06,-8
-9.992e-06,-12
-9.988e-06,-12
-9.984e-06,-4
-9.980e-06,-8
-9.976e-06,-8
-9.972e-06,-4
-9.968e-06,-12
-9.964e-06,0
-9.960e-06,-4
-9.956e-06,-12
-9.952e-06,-12
-9.948e-06,-8
-9.944e-06,-16
-9.940e-06,-12
-9.936e-06,-8
-9.932e-06,-8
-9.928e-06,-8
-9.924e-06,-4
-9.920e-06,-4
-9.916e-06,-8
-9.912e-06,-8
-9.908e-06,-12
-9.904e-06,-4
-9.900e-06,-4
-9.896e-06,-8
-9.892e-06,-16
-9.888e-06,-4
-9.884e-06,-12
-9.880e-06,-8
-9.876e-06,-4
-9.872e-06,-12
-9.868e-06,-12
-9.864e-06,-8
-9.860e-06,-8
-9.856e-06,-12
-9.852e-06,-8
-9.848e-06,-8
-9.844e-06,-8
-9.840e-06,-4
-9.836e-06,-12
-9.832e-06,-8
-9.828e-06,-8
-9.824e-06,-8
-9.820e-06,-12
-9.816e-06,-12
-9.812e-06,-8
-9.808e-06,-4
-9.804e-06,-4
-9.800e-06,-12
-9.796e-06,-12
-9.792e-06,-8
-9.788e-06,-12
-9.784e-06,-4
-9.780e-06,-4
-9.776e-06,-8
-9.772e-06,-8
-9.768e-06,0
-9.764e-06,-4
-9.760e-06,-8
-9.756e-06,-4
-9.752e-06,-4
-9.748e-06,-8
-9.744e-06,-12
-9.740e-06,-8
-9.736e-06,-4
-9.732e-06,-8
-9.728e-06,-4
-9.724e-06,0
-9.720e-06,-8
-9.716e-06,-8
-9.712e-06,-12
-9.708e-06,-8
-9.704e-06,-12
-9.700e-06,-8
-9.696e-06,-8
-9.692e-06,-4
-9.688e-06,-8
-9.684e-06,-12
-9.680e-06,-20
-9.676e-06,-8
-9.672e-06,-12
-9.668e-06,-4
-9.664e-06,-8
-9.660e-06,-8
-9.656e-06,-8
-9.652e-06,-8
-9.648e-06,-12
-9.644e-06,-12
-9.640e-06,-4
-9.636e-06,-12
-9.632e-06,-8
-9.628e-06,-4
-9.624e-06,-8
-9.620e-06,-12
-9.616e-06,-8
-9.612e-06,-4
-9.608e-06,-16
-9.604e-06,-4
-9.600e-06,-8
-9.596e-06,-16
-9.592e-06,0
-9.588e-06,-12
-9.584e-06,-4
-9.580e-06,-8
-9.576e-06,-8
-9.572e-06,-12
-9.568e-06,-4
-9.564e-06,-12
-9.560e-06,-4
-9.556e-06,-8
-9.552e-06,-16
-9.548e-06,-4
-9.544e-06,-4
-9.540e-06,-8
-9.536e-06,-8
-9.532e-06,-12
-9.528e-06,-8
-9.524e-06,-8
-9.520e-06,0
-9.516e-06,-16
-9.512e-06,-12
-9.508e-06,-4
-9.504e-06,-12
-9.500e-06,-12
-9.496e-06,-4
-9.492e-06,-12
-9.488e-06,-8
-9.484e-06,-12
-9.480e-06,-8
-9.476e-06,-8
-9.472e-06,-16
-9.468e-06,-8
-9.464e-06,-8
-9.460e-06,-12
-9.456e-06,-12
-9.452e-06,-8
-9.448e-06,-8
-9.444e-06,-12
-9.440e-06,-16
-9.436e-06,-4
-9.432e-06,-8
-9.428e-06,-8
-9.424e-06,-4
-9.420e-06,-8
-9.416e-06,-8
-9.412e-06,-4
-9.408e-06,-8
-9.404e-06,-8
-9.400e-06,-4
-9.396e-06,-8
-9.392e-06,-8
-9.388e-06,-4
-9.384e-06,-12
-9.380e-06,-8
-9.376e-06,-4
-9.372e-06,-8
-9.368e-06,-4
-9.364e-06,-16
-9.360e-06,-12
-9.356e-06,-8
-9.352e-06,-8
-9.348e-06,-8
-9.344e-06,-12
-9.340e-06,-8
-9.336e-06,-16
-9.332e-06,-16
-9.328e-06,-12
-9.324e-06,-8
-9.320e-06,-12
-9.316e-06,-12
-9.312e-06,-8
-9.308e-06,-8
-9.304e-06,-4
-9.300e-06,-8
-9.296e-06,-8
-9.292e-06,-12
-9.288e-06,-4
-9.284e-06,0
-9.280e-06,-8
-9.276e-06,-12
-9.272e-06,-12
-9.268e-06,-4
-9.264e-06,-8
-9.260e-06,-4
-9.256e-06,-8
-9.252e-06,-12
-9.248e-06,-8
-9.244e-06,-12
-9.240e-06,-4
-9.236e-06,-16
-9.232e-06,0
-9.228e-06,-4
-9.224e-06,0
-9.220e-06,-8
-9.216e-06,-12
-9.212e-06,-12
-9.208e-06,-8
-9.204e-06,-8
-9.200e-06,-4
-9.196e-06,-4
-9.192e-06,-12
-9.188e-06,-4
-9.184e-06,-8
-9.180e-06,-4
-9.176e-06,-8
-9.172e-06,-8
-9.168e-06,-8
-9.164e-06,-4
-9.160e-06,-12
-9.156e-06,-4
-9.152e-06,-8
-9.148e-06,-4
-9.144e-06,-4
-9.140e-06,-8
-9.136e-06,-12
-9.132e-06,-8
-9.128e-06,-8
-9.124e-06,-8
-9.120e-06,-12
-9.116e-06,-8
-9.112e-06,-12
-9.108e-06,-12
-9.104e-06,-8
-9.100e-06,-8
-9.096e-06,-8
-9.092e-06,-12
-9.088e-06,-12
-9.084e-06,-12
-9.080e-06,-16
-9.076e-06,-4
-9.072e-06,-8
-9.068e-06,-12
-9.064e-06,-8
-9.060e-06,-8
-9.056e-06,-16
-9.052e-06,-8
-9.048e-06,-4
-9.044e-06,-8
-9.040e-06,-8
-9.036e-06,-4
-9.032e-06,-12
-9.028e-06,-16
-9.024e-06,-12
-9.020e-06,-12
-9.016e-06,-12
-9.012e-06,-8
-9.008e-06,-16
-9.004e-06,-12
-9.000e-06,-12
-8.996e-06,-12
-8.992e-06,-4
-8.988e-06,-12
-8.984e-06,-8
-8.980e-06,-12
-8.976e-06,-8
-8.972e-06,0
-8.968e-06,-12
-8.964e-06,-12
-8.960e-06,-12
-8.956e-06,-8
-8.952e-06,-12
-8.948e-06,-8
-8.944e-06,-8
-8.940e-06,-12
-8.936e-06,-16
-8.932e-06,-16
-8.928e-06,-12
-8.924e-06,-12
-8.920e-06,-8
-8.916e-06,-8
-8.912e-06,-8
-8.908e-06,-4
-8.904e-06,-8
-8.900e-06,-8
-8.896e-06,-4
-8.892e-06,-8
-8.888e-06,-4
-8.884e-06,-8
-8.880e-06,-4
-8.876e-06,-12
-8.872e-06,-12
-8.868e-06,-12
-8.864e-06,-8
-8.860e-06,-8
-8.856e-06,-12
-8.852e-06,-4
-8.848e-06,-12
-8.844e-06,-8
-8.840e-06,-12
-8.836e-06,-4
-8.832e-06,-8
-8.828e-06,-8
-8.824e-06,-8
-8.820e-06,-12
-8.816e-06,-8
-8.812e-06,-8
-8.808e-06,-12
-8.804e-06,-8
-8.800e-06,-8
-8.796e-06,-12
-8.792e-06,-8
-8.788e-06,0
-8.784e-06,-8
-8.780e-06,-8
-8.776e-06,-12
-8.772e-06,-8
-8.768e-06,-8
-8.764e-06,-8
-8.760e-06,-4
-8.756e-06,-12
-8.752e-06,-12
-8.748e-06,-12
-8.744e-06,-12
-8.740e-06,-8
-8.736e-06,-12
-8.732e-06,-12
-8.728e-06,-8
-8.724e-06,-4
-8.720e-06,-12
-8.716e-06,-4
-8.712e-06,-12
-8.708e-06,-4
-8.704e-06,-4
-8.700e-06,-4
-8.696e-06,-12
-8.692e-06,-8
-8.688e-06,-4
-8.684e-06,-4
-8.680e-06,-8
-8.676e-06,-12
-8.672e-06,-12
-8.668e-06,-8
-8.664e-06,-8
-8.660e-06,-8
-8.656e-06,-8
-8.652e-06,-12
-8.648e-06,-12
-8.644e-06,-8
-8.640e-06,-4
-8.636e-06,-4
-8.632e-06,-4
-8.628e-06,-12
-8.624e-06,-8
-8.620e-06,-12
-8.616e-06,-12
-8.612e-06,-12
-8.608e-06,-8
-8.604e-06,-4
-8.600e-06,-8
-8.596e-06,-4
-8.592e-06,-12
-8.588e-06,-12
-8.584e-06,-8
-8.580e-06,-12
-8.576e-06,0
-8.572e-06,-8
-8.568e-06,-12
-8.564e-06,-4
-8.560e-06,-16
-8.556e-06,-8
-8.552e-06,-8
-8.548e-06,-8
-8.544e-06,-8
-8.540e-06,-8
-8.536e-06,-4
-8.532e-06,-12
-8.528e-06,-4
-8.524e-06,-8
-8.520e-06,-8
-8.516e-06,-16
-8.512e-06,-4
-8.508e-06,-12
-8.504e-06,-12
-8.500e-06,-12
-8.496e-06,-8
-8.492e-06,-8
-8.488e-06,-12
-8.484e-06,-8
-8.480e-06,-8
-8.476e-06,-8
-8.472e-06,-12
-8.468e-06,-8
-8.464e-06,-8
-8.460e-06,-8
-8.456e-06,-8
-8.452e-06,-8
-8.448e-06,-8
-8.444e-06,-8
-8.440e-06,-12
-8.436e-06,-8
-8.432e-06,-12
-8.428e-06,-12
-8.424e-06,-8
-8.420e-06,-16
-8.416e-06,-12
-8.412e-06,-12
-8.408e-06,-4
-8.404e-06,-8
-8.400e-06,-8
-8.396e-06,-4
-8.392e-06,-8
-8.388e-06,-12
-8.384e-06,-8
-8.380e-06,-12
-8.376e-06,-8
-8.372e-06,-8
-8.368e-06,-4
-8.364e-06,-8
-8.360e-06,-12
-8.356e-06,-4
-8.352e-06,-4
-8.348e-06,-8
-8.344e-06,-4
-8.340e-06,-4
-8.336e-06,-4
-8.332e-06,-8
-8.328e-06,-12
-8.324e-06,-8
-8.320e-06,-12
-8.316e-06,-8
-8.312e-06,-12
-8.308e-06,-8
-8.304e-06,-8
-8.300e-06,-8
-8.296e-06,-4
-8.292e-06,-12
-8.288e-06,-12
-8.284e-06,-12
-8.280e-06,-4
-8.276e-06,-12
-8.272e-06,-8
-8.268e-06,-4
-8.264e-06,-4
-8.260e-06,-8
-8.256e-06,-4
-8.252e-06,-8
-8.248e-06,-4
-8.244e-06,-12
-8.240e-06,-8
-8.236e-06,-4
-8.232e-06,-4
-8.228e-06,-12
-8.224e-06,-12
-8.220e-06,-8
-8.216e-06,-8
-8.212e-06,-8
-8.208e-06,-8
-8.204e-06,-4
-8.200e-06,-4
-8.196e-06,-8
-8.192e-06,-8
-8.188e-06,-8
-8.184e-06,-8
-8.180e-06,-12
-8.176e-06,-12
-8.172e-06,-8
-8.168e-06,-4
-8.164e-06,-8
-8.160e-06,-4
-8.156e-06,-8
-8.152e-06,0
-8.148e-06,-12
-8.144e-06,-4
-8.140e-06,-12
-8.136e-06,-8
-8.132e-06,0
-8.128e-06,-4
-8.124e-06,-4
-8.120e-06,-12
-8.116e-06,-12
-8.112e-06,-8
-8.108e-06,-8
-8.104e-06,-8
-8.100e-06,-12
-8.096e-06,0
-8.092e-06,-12
-8.088e-06,0
-8.084e-06,-12
-8.080e-06,-8
-8.076e-06,-12
-8.072e-06,-12
-8.068e-06,-4
-8.064e-06,-8
-8.060e-06,-4
-8.056e-06,-4
-8.052e-06,-12
-8.048e-06,-12
-8.044e-06,-8
-8.040e-06,-12
-8.036e-06,-12
-8.032e-06,-12
-8.028e-06,-8
-8.024e-06,-4
-8.020e-06,-12
-8.016e-06,-8
-8.012e-06,-8
-8.008e-06,-8
-8.004e-06,0
-8.000e-06,-8
-7.996e-06,-8
-7.992e-06,-4
-7.988e-06,-8
-7.984e-06,-12
-7.980e-06,-8
-7.976e-06,-8
-7.972e-06,-12
-7.968e-06,-4
-7.964e-06,-4
-7.960e-06,-16
-7.956e-06,-12
-7.952e-06,-4
-7.948e-06,-8
-7.944e-06,-12
-7.940e-06,-4
-7.936e-06,-4
-7.932e-06,-8
-7.928e-06,-12
-7.924e-06,-12
-7.920e-06,-4
-7.916e-06,-4
-7.912e-06,-12
-7.908e-06,-12
-7.904e-06,-4
-7.900e-06,-8
-7.896e-06,-12
-7.892e-06,-12
-7.888e-06,-4
-7.884e-06,-8
-7.880e-06,-8
-7.876e-06,-8
-7.872e-06,-12
-7.868e-06,-16
-7.864e-06,-8
-7.860e-06,-16
-7.856e-06,-16
-7.852e-06,-4
-7.848e-06,-12
-7.844e-06,-12
-7.840e-06,-8
-7.836e-06,-8
-7.832e-06,-12
-7.828e-06,-8
-7.824e-06,-8
-7.820e-06,-8
-7.816e-06,-16
-7.812e-06,-8
-7.808e-06,-12
-7.804e-06,-8
-7.800e-06,-16
-7.796e-06,-4
-7.792e-06,-12
-7.788e-06,0
-7.784e-06,-8
-7.780e-06,-16
-7.776e-06,-8
-7.772e-06,-12
-7.768e-06,-12
-7.764e-06,-12
-7.760e-06,-8
-7.756e-06,-8
-7.752e-06,-12
-7.748e-06,0
-7.744e-06,-8
-7.740e-06,-8
-7.736e-06,-12
-7.732e-06,-12
-7.728e-06,-8
-7.724e-06,-4
-7.720e-06,-8
-7.716e-06,-8
-7.712e-06,-8
-7.708e-06,-4
-7.704e-06,-12
-7.700e-06,-12
-7.696e-06,-8
-7.692e-06,-8
-7.688e-06,-4
-7.684e-06,-12
-7.680e-06,-12
-7.676e-06,-12
-7.672e-06,-12
-7.668e-06,0
-7.664e-06,-8
-7.660e-06,-12
-7.656e-06,-4
-7.652e-06,-12
-7.648e-06,-8
-7.644e-06,-8
-7.640e-06,-12
-7.636e-06,-12
-7.632e-06,-8
-7.628e-06,-12
-7.624e-06,-12
-7.620e-06,-12
-7.616e-06,-12
-7.612e-06,-12
-7.608e-06,-12
-7.604e-06,-8
-7.600e-06,-8
-7.596e-06,-8
-7.592e-06,-4
-7.588e-06,-8
-7.584e-06,-4
-7.580e-06,-12
-7.576e-06,-4
-7.572e-06,-8
-7.568e-06,-12
-7.564e-06,-4
-7.560e-06,-8
-7.556e-06,-4
-7.552e-06,-12
-7.548e-06,-8
-7.544e-06,-8
-7.540e-06,-4
-7.536e-06,-8
-7.532e-06,-8
-7.528e-06,-8
-7.524e-06,-4
-7.520e-06,-8
-7.516e-06,-4
-7.512e-06,-8
-7.508e-06,-4
-7.504e-06,-8
-7.500e-06,0
-7.496e-06,0
-7.492e-06,0
-7.488e-06,-8
-7.484e-06,-8
-7.480e-06,-8
-7.476e-06,-12
-7.472e-06,-4
-7.468e-06,-12
-7.464e-06,-12
-7.460e-06,-12
-7.456e-06,-4
-7.452e-06,-8
-7.448e-06,-12
-7.444e-06,-8
-7.440e-06,-8
-7.436e-06,-12
-7.432e-06,-8
-7.428e-06,-8
-7.424e-06,-4
-7.420e-06,-8
-7.416e-06,-4
-7.412e-06,-12
-7.408e-06,-8
-7.404e-06,-4
-7.400e-06,-4
-7.396e-06,-12
-7.392e-06,-12
-7.388e-06,-12
-7.384e-06,-4
-7.380e-06,-12
-7.376e-06,-8
-7.372e-06,-4
-7.368e-06,-4
-7.364e-06,-8
-7.360e-06,-8
-7.356e-06,-8
-7.352e-06,-4
-7.348e-06,-8
-7.344e-06,-8
-7.340e-06,-8
-7.336e-06,-8
-7.332e-06,-16
-7.328e-06,-4
-7.324e-06,-8
-7.320e-06,-8
-7.316e-06,-8
-7.312e-06,-12
-7.308e-06,-4
-7.304e-06,-4
-7.300e-06,-8
-7.296e-06,-4
-7.292e-06,-8
-7.288e-06,-8
-7.284e-06,-8
-7.280e-06,-8
-7.276e-06,-8
-7.272e-06,-4
-7.268e-06,-16
-7.264e-06,0
-7.260e-06,-4
-7.256e-06,-8
-7.252e-06,-4
-7.248e-06,-8
-7.244e-06,-12
-7.240e-06,-16
-7.236e-06,-8
-7.232e-06,-8
-7.228e-06,-4
-7.224e-06,-4
-7.220e-06,-12
-7.216e-06,0
-7.212e-06,-4
-7.208e-06,-12
-7.204e-06,-4
-7.200e-06,-12
-7.196e-06,-8
-7.192e-06,-16
-7.188e-06,-12
-7.184e-06,-4
-7.180e-06,-4
-7.176e-06,-4
-7.172e-06,-12
-7.168e-06,0
-7.164e-06,-12
-7.160e-06,-4
-7.156e-06,-4
-7.152e-06,-4
-7.148e-06,-12
-7.144e-06,-4
-7.140e-06,-4
-7.136e-06,-8
-7.132e-06,-4
-7.128e-06,-8
-7.124e-06,-4
-7.120e-06,-8
-7.116e-06,-8
-7.112e-06,0
-7.108e-06,-4
-7.104e-06,-4
-7.100e-06,0
-7.096e-06,-12
-7.092e-06,-20
-7.088e-06,-4
-7.084e-06,-8
-7.080e-06,-12
-7.076e-06,-12
-7.072e-06,-4
-7.068e-06,-8
-7.064e-06,-12
-7.060e-06,-12
-7.056e-06,-16
-7.052e-06,0
-7.048e-06,-12
-7.044e-06,-8
-7.040e-06,-8
-7.036e-06,-8
-7.032e-06,-16
-7.028e-06,-4
-7.024e-06,0
-7.020e-06,-8
-7.016e-06,-8
-7.012e-06,-12
-7.008e-06,-4
-7.004e-06,-8
-7.000e-06,0
-6.996e-06,-8
-6.992e-06,-12
-6.988e-06,-8
-6.984e-06,-12
-6.980e-06,-12
-6.976e-06,-4
-6.972e-06,-12
-6.968e-06,-8
-6.964e-06,-16
-6.960e-06,-12
-6.956e-06,-12
-6.952e-06,-4
-6.948e-06,-8
-6.944e-06,-12
-6.940e-06,-8
-6.936e-06,-12
-6.932e-06,-4
-6.928e-06,-12
-6.924e-06,-8
-6.920e-06,-12
-6.916e-06,-8
-6.912e-06,-8
-6.908e-06,-8
-6.904e-06,-12
-6.900e-06,-8
-6.896e-06,-4
-6.892e-06,-4
-6.888e-06,-8
-6.884e-06,-4
-6.880e-06,-8
-6.876e-06,-8
-6.872e-06,-12
-6.868e-06,-8
-6.864e-06,-8
-6.860e-06,-8
-6.856e-06,-8
-6.852e-06,-8
-6.848e-06,-12
-6.844e-06,-12
-6.840e-06,-8
-6.836e-06,-12
-6.832e-06,-12
-6.828e-06,-8
-6.824e-06,0
-6.820e-06,-4
-6.816e-06,-4
-6.812e-06,-8
-6.808e-06,-12
-6.804e-06,-4
-6.800e-06,-8
-6.796e-06,-12
-6.792e-06,-12
-6.788e-06,-4
-6.784e-06,-8
-6.780e-06,-8
-6.776e-06,-12
-6.772e-06,-12
-6.768e-06,-4
-6.764e-06,0
-6.760e-06,-8
-6.756e-06,-8
-6.752e-06,-4
-6.748e-06,-4
-6.744e-06,-12
-6.740e-06,-8
-6.736e-06,-12
-6.732e-06,-16
-6.728e-06,-8
-6.724e-06,-12
-6.720e-06,-8
-6.716e-06,-8
-6.712e-06,-8
-6.708e-06,-12
-6.704e-06,-4
-6.700e-06,-12
-6.696e-06,-12
-6.692e-06,-8
-6.688e-06,-12
-6.684e-06,-8
-6.680e-06,-4
-6.676e-06,-12
-6.672e-06,-8
-6.668e-06,-12
-6.664e-06,-8
-6.660e-06,-4
-6.656e-06,-8
-6.652e-06,-12
-6.648e-06,-4
-6.644e-06,-12
-6.640e-06,-12
-6.636e-06,-12
-6.632e-06,-8
-6.628e-06,-12
-6.624e-06,-4
-6.620e-06,-4
-6.616e-06,-4
-6.612e-06,-8
-6.608e-06,-4
-6.604e-06,-4
-6.600e-06,-4
-6.596e-06,-16
-6.592e-06,-12
-6.588e-06,-8
-6.584e-06,-12
-6.580e-06,-12
-6.576e-06,-4
-6.572e-06,-8
-6.568e-06,-12
-6.564e-06,-12
-6.560e-06,-8
-6.556e-06,-4
-6.552e-06,-8
-6.548e-06,-8
-6.544e-06,-12
-6.540e-06,-4
-6.536e-06,-12
-6.532e-06,-12
-6.528e-06,-8
-6.524e-06,-8
-6.520e-06,-4
-6.516e-06,-8
-6.512e-06,-4
-6.508e-06,-4
-6.504e-06,-4
-6.500e-06,-12
-6.496e-06,-12
-6.492e-06,-12
-6.488e-06,-4
-6.484e-06,-8
-6.480e-06,-4
-6.476e-06,-8
-6.472e-06,-16
-6.468e-06,-12
-6.464e-06,-8
-6.460e-06,-4
-6.456e-06,-4
-6.452e-06,-8
-6.448e-06,-12
-6.444e-06,-16
-6.440e-06,-12
-6.436e-06,0
-6.432e-06,-8
-6.428e-06,-4
-6.424e-06,-16
-6.420e-06,-8
-6.416e-06,-12
-6.412e-06,-8
-6.408e-06,-8
-6.404e-06,-4
-6.400e-06,-12
-6.396e-06,-4
-6.392e-06,-8
-6.388e-06,-16
-6.384e-06,-4
-6.380e-06,-8
-6.376e-06,-8
-6.372e-06,-4
-6.368e-06,-8
-6.364e-06,-12
-6.360e-06,-12
-6.356e-06,-12
-6.352e-06,-8
-6.348e-06,-4
-6.344e-06,-4
-6.340e-06,-8
-6.336e-06,-12
-6.332e-06,-4
-6.328e-06,-8
-6.324e-06,-12
-6.320e-06,-8
-6.316e-06,-4
-6.312e-06,-4
-6.308e-06,-12
-6.304e-06,-8
-6.300e-06,-8
-6.296e-06,-8
-6.292e-06,-8
-6.288e-06,-4
-6.284e-06,-4
-6.280e-06,-12
-6.276e-06,-12
-6.272e-06,-8
-6.268e-06,-4
-6.264e-06,-8
-6.260e-06,-12
-6.256e-06,-4
-6.252e-06,-4
-6.248e-06,-8
-6.244e-06,-8
-6.240e-06,-8
-6.236e-06,-4
-6.232e-06,-8
-6.228e-06,-8
-6.224e-06,-8
-6.220e-06,-4
-6.216e-06,-8
-6.212e-06,-8
-6.208e-06,-8
-6.204e-06,-12
-6.200e-06,-4
-6.196e-06,-4
-6.192e-06,-12
-6.188e-06,-12
-6.184e-06,-12
-6.180e-06,-4
-6.176e-06,-16
-6.172e-06,-8
-6.168e-06,-8
-6.164e-06,-12
-6.160e-06,-4
-6.156e-06,-8
-6.152e-06,-8
-6.148e-06,-4
-6.144e-06,-12
-6.140e-06,-8
-6.136e-06,-12
-6.132e-06,-12
-6.128e-06,-12
-6.124e-06,-8
-6.120e-06,-8
-6.116e-06,-8
-6.112e-06,-12
-6.108e-06,-8
-6.104e-06,-4
-6.100e-06,-12
-6.096e-06,-12
-6.092e-06,-8
-6.088e-06,-16
-6.084e-06,-12
-6.080e-06,-8
-6.076e-06,-12
-6.072e-06,-12
-6.068e-06,-4
-6.064e-06,-8
-6.060e-06,-8
-6.056e-06,-4
-6.052e-06,-12
-6.048e-06,-4
-6.044e-06,-8
-6.040e-06,-4
-6.036e-06,-12
-6.032e-06,-8
-6.028e-06,-8
-6.024e-06,-8
-6.020e-06,-12
-6.016e-06,-4
-6.012e-06,-4
-6.008e-06,-8
-6.004e-06,-8
-6.000e-06,-8
-5.996e-06,-8
-5.992e-06,-12
-5.988e-06,-8
-5.984e-06,-8
-5.980e-06,-16
-5.976e-06,-4
-5.972e-06,-16
-5.968e-06,-8
-5.964e-06,-12
-5.960e-06,-8
-5.956e-06,-8
-5.952e-06,-8
-5.948e-06,0
-5.944e-06,-12
-5.940e-06,-4
-5.936e-06,-4
-5.932e-06,-12
-5.928e-06,-4
-5.924e-06,-12
-5.920e-06,-12
-5.916e-06,-12
-5.912e-06,-4
-5.908e-06,-8
-5.904e-06,-12
-5.900e-06,-12
-5.896e-06,-8
-5.892e-06,-4
-5.888e-06,-8
-5.884e-06,-8
-5.880e-06,-8
-5.876e-06,-8
-5.872e-06,-8
-5.868e-06,-8
-5.864e-06,-12
-5.860e-06,-8
-5.856e-06,-4
-5.852e-06,-8
-5.848e-06,-8
-5.844e-06,-12
-5.840e-06,-8
-5.836e-06,-12
-5.832e-06,-12
-5.828e-06,-8
-5.824e-06,-12
-5.820e-06,-12
-5.816e-06,-4
-5.812e-06,-8
-5.808e-06,-4
-5.804e-06,-12
-5.800e-06,-4
-5.796e-06,-12
-5.792e-06,-12
-5.788e-06,-12
-5.784e-06,-4
-5.780e-06,-12
-5.776e-06,-12
-5.772e-06,-8
-5.768e-06,-8
-5.764e-06,-12
-5.760e-06,-16
-5.756e-06,-12
-5.752e-06,-4
-5.748e-06,-12
-5.744e-06,-12
-5.740e-06,-12
-5.736e-06,-4
-5.732e-06,-4
-5.728e-06,-12
-5.724e-06,-12
-5.720e-06,-8
-5.716e-06,-4
-5.712e-06,-8
-5.708e-06,-12
-5.704e-06,-8
-5.700e-06,-12
-5.696e-06,-4
-5.692e-06,-12
-5.688e-06,-12
-5.684e-06,-8
-5.680e-06,-12
-5.676e-06,-8
-5.672e-06,-4
-5.668e-06,-8
-5.664e-06,-12
-5.660e-06,-8
-5.656e-06,-8
-5.652e-06,0
-5.648e-06,-8
-5.644e-06,-16
-5.640e-06,-4
-5.636e-06,-4
-5.632e-06,-12
-5.628e-06,-12
-5.624e-06,-4
-5.620e-06,-8
-5.616e-06,-8
-5.612e-06,-4
-5.608e-06,-12
-5.604e-06,-12
-5.600e-06,-16
-5.596e-06,-4
-5.592e-06,-4
-5.588e-06,-8
-5.584e-06,0
-5.580e-06,-4
-5.576e-06,-8
-5.572e-06,-8
-5.568e-06,-12
-5.564e-06,-12
-5.560e-06,-12
-5.556e-06,-4
-5.552e-06,-20
-5.548e-06,-8
-5.544e-06,-8
-5.540e-06,-16
-5.536e-06,-12
-5.532e-06,-12
-5.528e-06,-8
-5.524e-06,-4
-5.520e-06,-4
-5.516e-06,-12
-5.512e-06,-8
-5.508e-06,-16
-5.504e-06,-4
-5.500e-06,-8
-5.496e-06,-12
-5.492e-06,-12
-5.488e-06,-8
-5.484e-06,-12
-5.480e-06,-12
-5.476e-06,-8
-5.472e-06,-8
-5.468e-06,-4
-5.464e-06,-12
-5.460e-06,-16
-5.456e-06,-8
-5.452e-06,-12
-5.448e-06,-8
-5.444e-06,-12
-5.440e-06,-8
-5.436e-06,-8
-5.432e-06,-12
-5.428e-06,-4
-5.424e-06,-12
-5.420e-06,-12
-5.416e-06,-12
-5.412e-06,-8
-5.408e-06,-8
-5.404e-06,-4
-5.400e-06,-12
-5.396e-06,-12
-5.392e-06,-8
-5.388e-06,-8
-5.384e-06,-4
-5.380e-06,-4
-5.376e-06,-8
-5.372e-06,-8
-5.368e-06,-12
-5.364e-06,-8
-5.360e-06,0
-5.356e-06,-8
-5.352e-06,-8
-5.348e-06,-16
-5.344e-06,-12
-5.340e-06,-12
-5.336e-06,-12
-5.332e-06,-8
-5.328e-06,-4
-5.324e-06,-8
-5.320e-06,-8
-5.316e-06,-12
-5.312e-06,-16
-5.308e-06,-16
-5.304e-06,-8
-5.300e-06,0
-5.296e-06,-8
-5.292e-06,-12
-5.288e-06,-12
-5.284e-06,-4
-5.280e-06,-4
-5.276e-06,-12
-5.272e-06,-8
-5.268e-06,-12
-5.264e-06,-4
-5.260e-06,-12
-5.256e-06,-8
-5.252e-06,-4
-5.248e-06,-8
-5.244e-06,-8
-5.240e-06,-8
-5.236e-06,-4
-5.232e-06,-8
-5.228e-06,-8
-5.224e-06,-4
-5.220e-06,-4
-5.216e-06,-12
-5.212e-06,-12
-5.208e-06,-4
-5.204e-06,-8
-5.200e-06,-8
-5.196e-06,-12
-5.192e-06,-4
-5.188e-06,-8
-5.184e-06,-12
-5.180e-06,-12
-5.176e-06,-12
-5.172e-06,-8
-5.168e-06,-4
-5.164e-06,-12
-5.160e-06,-12
-5.156e-06,-4
-5.152e-06,-12
-5.148e-06,-8
-5.144e-06,-12
-5.140e-06,-8
-5.136e-06,-4
-5.132e-06,-8
-5.128e-06,-4
-5.124e-06,-8
-5.120e-06,-8
-5.116e-06,-8
-5.112e-06,-12
-5.108e-06,-8
-5.104e-06,-16
-5.100e-06,-12
-5.096e-06,-4
-5.092e-06,-16
-5.088e-06,-4
-5.084e-06,-8
-5.080e-06,-4
-5.076e-06,-4
-5.072e-06,-8
-5.068e-06,-8
-5.064e-06,-12
-5.060e-06,-4
-5.056e-06,-12
-5.052e-06,-8
-5.048e-06,-4
-5.044e-06,-12
-5.040e-06,-12
-5.036e-06,-8
-5.032e-06,-4
-5.028e-06,-8
-5.024e-06,-8
-5.020e-06,-4
-5.016e-06,-8
-5.012e-06,-8
-5.008e-06,-4
-5.004e-06,-4
-5.000e-06,-12
-4.996e-06,-8
-4.992e-06,-12
-4.988e-06,-4
-4.984e-06,-8
-4.980e-06,-8
-4.976e-06,-4
-4.972e-06,-8
-4.968e-06,-12
-4.964e-06,-12
-4.960e-06,-4
-4.956e-06,-4
-4.952e-06,-8
-4.948e-06,0
-4.944e-06,-12
-4.940e-06,-4
-4.936e-06,-12
-4.932e-06,-8
-4.928e-06,-8
-4.924e-06,-4
-4.920e-06,-16
-4.916e-06,-8
-4.912e-06,-8
-4.908e-06,-16
-4.904e-06,-8
-4.900e-06,-4
-4.896e-06,-8
-4.892e-06,-8
-4.888e-06,-12
-4.884e-06,-12
-4.880e-06,-4
-4.876e-06,-8
-4.872e-06,-8
-4.868e-06,-4
-4.864e-06,-12
-4.860e-06,-4
-4.856e-06,-12
-4.852e-06,-4
-4.848e-06,-8
-4.844e-06,-4
-4.840e-06,-12
-4.836e-06,-12
-4.832e-06,-12
-4.828e-06,-12
-4.824e-06,-8
-4.820e-06,-8
-4.816e-06,-8
-4.812e-06,-12
-4.808e-06,-8
-4.804e-06,-4
-4.800e-06,-12
-4.796e-06,0
-4.792e-06,-12
-4.788e-06,-8
-4.784e-06,-12
-4.780e-06,-12
-4.776e-06,-12
-4.772e-06,0
-4.768e-06,-4
-4.764e-06,-4
-4.760e-06,-12
-4.756e-06,-8
-4.752e-06,-8
-4.748e-06,-8
-4.744e-06,-8
-4.740e-06,-8
-4.736e-06,-12
-4.732e-06,-8
-4.728e-06,-12
-4.724e-06,-12
-4.720e-06,0
-4.716e-06,-16
-4.712e-06,-12
-4.708e-06,-8
-4.704e-06,-8
-4.700e-06,-12
-4.696e-06,-12
-4.692e-06,-8
-4.688e-06,-4
-4.684e-06,-8
-4.680e-06,-4
-4.676e-06,-12
-4.672e-06,-4
-4.668e-06,-12
-4.664e-06,-8
-4.660e-06,-4
-4.656e-06,-8
-4.652e-06,-8
-4.648e-06,-8
-4.644e-06,0
-4.640e-06,-8
-4.636e-06,-4
-4.632e-06,-12
-4.628e-06,-8
-4.624e-06,-8
-4.620e-06,-8
-4.616e-06,-12
-4.612e-06,-8
-4.608e-06,-12
-4.604e-06,-8
-4.600e-06,-8
-4.596e-06,0
-4.592e-06,-8
-4.588e-06,-8
-4.584e-06,-4
-4.580e-06,-4
-4.576e-06,-4
-4.572e-06,-12
-4.568e-06,-8
-4.564e-06,-12
-4.560e-06,-4
-4.556e-06,-8
-4.552e-06,-12
-4.548e-06,-8
-4.544e-06,-8
-4.540e-06,-8
-4.536e-06,-4
-4.532e-06,-16
-4.528e-06,0
-4.524e-06,-8
-4.520e-06,-8
-4.516e-06,-12
-4.512e-06,-8
-4.508e-06,-4
-4.504e-06,-12
-4.500e-06,-8
-4.496e-06,-12
-4.492e-06,-8
-4.488e-06,-4
-4.484e-06,-8
-4.480e-06,-8
-4.476e-06,-8
-4.472e-06,-8
-4.468e-06,-12
-4.464e-06,-4
-4.460e-06,-12
-4.456e-06,-12
-4.452e-06,-8
-4.448e-06,-8
-4.444e-06,-12
-4.440e-06,-4
-4.436e-06,-4
-4.432e-06,-8
-4.428e-06,-8
-4.424e-06,-4
-4.420e-06,-12
-4.416e-06,-4
-4.412e-06,-12
-4.408e-06,-8
-4.404e-06,-8
-4.400e-06,-12
-4.396e-06,-12
-4.392e-06,-12
-4.388e-06,-8
-4.384e-06,-8
-4.380e-06,-12
-4.376e-06,-16
-4.372e-06,-16
-4.368e-06,-12
-4.364e-06,-12
-4.360e-06,-4
-4.356e-06,-12
-4.352e-06,-4
-4.348e-06,-12
-4.344e-06,-16
-4.340e-06,-12
-4.336e-06,0
-4.332e-06,-12
-4.328e-06,-8
-4.324e-06,-12
-4.320e-06,-12
-4.316e-06,-8
-4.312e-06,-8
-4.308e-06,-8
-4.304e-06,-8
-4.300e-06,-8
-4.296e-06,-12
-4.292e-06,-12
-4.288e-06,-4
-4.284e-06,-12
-4.280e-06,-12
-4.276e-06,-4
-4.272e-06,-8
-4.268e-06,-8
-4.264e-06,-8
-4.260e-06,-8
-4.256e-06,-12
-4.252e-06,-8
-4.248e-06,-8
-4.244e-06,-4
-4.240e-06,-12
-4.236e-06,-4
-4.232e-06,-8
-4.228e-06,-4
-4.224e-06,-8
-4.220e-06,-8
-4.216e-06,-12
-4.212e-06,-8
-4.208e-06,-4
-4.204e-06,-12
-4.200e-06,-8
-4.196e-06,-16
-4.192e-06,-4
-4.188e-06,-8
-4.184e-06,-12
-4.180e-06,-8
-4.176e-06,-4
-4.172e-06,-8
-4.168e-06,-12
-4.164e-06,-12
-4.160e-06,-16
-4.156e-06,-12
-4.152e-06,-12
-4.148e-06,-4
-4.144e-06,-8
-4.140e-06,-8
-4.136e-06,-8
-4.132e-06,-4
-4.128e-06,-8
-4.124e-06,-4
-4.120e-06,-12
-4.116e-06,-12
-4.112e-06,-12
-4.108e-06,-12
-4.104e-06,-12
-4.100e-06,-12
-4.096e-06,-12
-4.092e-06,-4
-4.088e-06,-12
-4.084e-06,-8
-4.080e-06,-4
-4.076e-06,-16
-4.072e-06,-8
-4.068e-06,-8
-4.064e-06,-4
-4.060e-06,-4
-4.056e-06,-4
-4.052e-06,-8
-4.048e-06,-8
-4.044e-06,-16
-4.040e-06,-12
-4.036e-06,-8
-4.032e-06,-8
-4.028e-06,-12
-4.024e-06,-12
-4.020e-06,-4
-4.016e-06,-8
-4.012e-06,-12
-4.008e-06,-8
-4.004e-06,-12
-4.000e-06,-4
-3.996e-06,-8
-3.992e-06,-8
-3.988e-06,-8
-3.984e-06,-4
-3.980e-06,-12
-3.976e-06,-4
-3.972e-06,-12
-3.968e-06,-4
-3.964e-06,-4
-3.960e-06,-8
-3.956e-06,-8
-3.952e-06,-4
-3.948e-06,-12
-3.944e-06,-4
-3.940e-06,-8
-3.936e-06,-8
-3.932e-06,-4
-3.928e-06,-12
-3.924e-06,-12
-3.920e-06,-12
-3.916e-06,-12
-3.912e-06,-8
-3.908e-06,-4
-3.904e-06,-8
-3.900e-06,-12
-3.896e-06,-12
-3.892e-06,-8
-3.888e-06,-8
-3.884e-06,-4
-3.880e-06,-8
-3.876e-06,-12
-3.872e-06,-4
-3.868e-06,-8
-3.864e-06,-8
-3.860e-06,-8
-3.856e-06,-8
-3.852e-06,-12
-3.848e-06,-16
-3.844e-06,-12
-3.840e-06,-8
-3.836e-06,-8
-3.832e-06,-8
-3.828e-06,-8
-3.824e-06,-8
-3.820e-06,-12
-3.816e-06,-8
-3.812e-06,-4
-3.808e-06,-12
-3.804e-06,-8
-3.800e-06,-12
-3.796e-06,-4
-3.792e-06,-12
-3.788e-06,-12
-3.784e-06,-16
-3.780e-06,-8
-3.776e-06,-4
-3.772e-06,-8
-3.768e-06,-8
-3.764e-06,-8
-3.760e-06,-8
-3.756e-06,-12
-3.752e-06,-12
-3.748e-06,-4
-3.744e-06,-8
-3.740e-06,-12
-3.736e-06,-8
-3.732e-06,-4
-3.728e-06,-12
-3.724e-06,-8
-3.720e-06,-4
-3.716e-06,-12
-3.712e-06,-8
-3.708e-06,-4
-3.704e-06,-8
-3.700e-06,-8
-3.696e-06,-4
-3.692e-06,-12
-3.688e-06,-8
-3.684e-06,-16
-3.680e-06,-8
-3.676e-06,-4
-3.672e-06,-12
-3.668e-06,-8
-3.664e-06,-4
-3.660e-06,-8
-3.656e-06,-4
-3.652e-06,-8
-3.648e-06,-16
-3.644e-06,-8
-3.640e-06,-8
-3.636e-06,-12
-3.632e-06,-8
-3.628e-06,-12
-3.624e-06,-12
-3.620e-06,-12
-3.616e-06,0
-3.612e-06,-8
-3.608e-06,-8
-3.604e-06,-8
-3.600e-06,-8
-3.596e-06,-8
-3.592e-06,-8
-3.588e-06,-4
-3.584e-06,-4
-3.580e-06,-8
-3.576e-06,-4
-3.572e-06,-8
-3.568e-06,-4
-3.564e-06,-12
-3.560e-06,-4
-3.556e-06,-12
-3.552e-06,-4
-3.548e-06,-12
-3.544e-06,-4
-3.540e-06,-8
-3.536e-06,-12
-3.532e-06,-12
-3.528e-06,-16
-3.524e-06,-12
-3.520e-06,0
-3.516e-06,-4
-3.512e-06,-4
-3.508e-06,-12
-3.504e-06,-12
-3.500e-06,-4
-3.496e-06,-8
-3.492e-06,-12
-3.488e-06,-8
-3.484e-06,-4
-3.480e-06,-8
-3.476e-06,-8
-3.472e-06,-12
-3.468e-06,-8
-3.464e-06,-12
-3.460e-06,-12
-3.456e-06,-12
-3.452e-06,-12
-3.448e-06,-8
-3.444e-06,-8
-3.440e-06,-8
-3.436e-06,-4
-3.432e-06,-4
-3.428e-06,-12
-3.424e-06,-12
-3.420e-06,-12
-3.416e-06,-8
-3.412e-06,-8
-3.408e-06,-8
-3.404e-06,-8
-3.400e-06,-8
-3.396e-06,-8
-3.392e-06,-12
-3.388e-06,-8
-3.384e-06,-12
-3.380e-06,-4
-3.376e-06,-12
-3.372e-06,-8
-3.368e-06,-4
-3.364e-06,-8
-3.360e-06,-4
-3.356e-06,-8
-3.352e-06,-12
-3.348e-06,-8
-3.344e-06,-4
-3.340e-06,-4
-3.336e-06,-8
-3.332e-06,-12
-3.328e-06,-4
-3.324e-06,-12
-3.320e-06,-12
-3.316e-06,-12
-3.312e-06,-8
-3.308e-06,-8
-3.304e-06,-12
-3.300e-06,-12
-3.296e-06,-12
-3.292e-06,-4
-3.288e-06,-12
-3.284e-06,-12
-3.280e-06,-4
-3.276e-06,-8
-3.272e-06,-12
-3.268e-06,-8
-3.264e-06,-12
-3.260e-06,-12
-3.256e-06,-4
-3.252e-06,-8
-3.248e-06,-12
-3.244e-06,-4
-3.240e-06,-12
-3.236e-06,-12
-3.232e-06,-12
-3.228e-06,-4
-3.224e-06,-12
-3.220e-06,-4
-3.216e-06,-8
-3.212e-06,-4
-3.208e-06,-12
-3.204e-06,-8
-3.200e-06,-8
-3.196e-06,-12
-3.192e-06,-12
-3.188e-06,-8
-3.184e-06,-8
-3.180e-06,-12
-3.176e-06,-8
-3.172e-06,-8
-3.168e-06,-12
-3.164e-06,-8
-3.160e-06,-4
-3.156e-06,-8
-3.152e-06,-8
-3.148e-06,-12
-3.144e-06,-4
-3.140e-06,0
-3.136e-06,-8
-3.132e-06,-4
-3.128e-06,-12
-3.124e-06,-4
-3.120e-06,-12
-3.116e-06,-12
-3.112e-06,0
-3.108e-06,-4
-3.104e-06,-8
-3.100e-06,-12
-3.096e-06,-4
-3.092e-06,-12
-3.088e-06,-8
-3.084e-06,-8
-3.080e-06,-8
-3.076e-06,-12
-3.072e-06,-4
-3.068e-06,-12
-3.064e-06,-8
-3.060e-06,-4
-3.056e-06,-8
-3.052e-06,-8
-3.048e-06,-4
-3.044e-06,-8
-3.040e-06,-4
-3.036e-06,-12
-3.032e-06,-4
-3.028e-06,-12
-3.024e-06,-8
-3.020e-06,-16
-3.016e-06,-12
-3.012e-06,0
-3.008e-06,-8
-3.004e-06,-12
-3.000e-06,-4
-2.996e-06,-8
-2.992e-06,-4
-2.988e-06,-8
-2.984e-06,-4
-2.980e-06,0
-2.976e-06,-8
-2.972e-06,-8
-2.968e-06,-8
-2.964e-06,-4
-2.960e-06,-12
-2.956e-06,-4
-2.952e-06,-16
-2.948e-06,-8
-2.944e-06,-12
-2.940e-06,-8
-2.936e-06,-4
-2.932e-06,-12
-2.928e-06,-8
-2.924e-06,-8
-2.920e-06,-12
-2.916e-06,-16
-2.912e-06,-8
-2.908e-06,-16
-2.904e-06,-12
-2.900e-06,-12
-2.896e-06,-8
-2.892e-06,-16
-2.888e-06,-12
-2.884e-06,-8
-2.880e-06,-4
-2.876e-06,-4
-2.872e-06,-12
-2.868e-06,-8
-2.864e-06,-8
-2.860e-06,-4
-2.856e-06,-12
-2.852e-06,-4
-2.848e-06,-12
-2.844e-06,-8
-2.840e-06,-8
-2.836e-06,-8
-2.832e-06,-12
-2.828e-06,-8
-2.824e-06,-8
-2.820e-06,-4
-2.816e-06,-12
-2.812e-06,-8
-2.808e-06,-8
-2.804e-06,-12
-2.800e-06,-8
-2.796e-06,-8
-2.792e-06,-4
-2.788e-06,-8
-2.784e-06,-4
-2.780e-06,-12
-2.776e-06,-16
-2.772e-06,-8
-2.768e-06,-12
-2.764e-06,-8
-2.760e-06,-12
-2.756e-06,-8
-2.752e-06,-12
-2.748e-06,-8
-2.744e-06,-8
-2.740e-06,-12
-2.736e-06,-4
-2.732e-06,-4
-2.728e-06,-16
-2.724e-06,-12
-2.720e-06,-8
-2.716e-06,-12
-2.712e-06,-8
-2.708e-06,-8
-2.704e-06,-12
-2.700e-06,-12
-2.696e-06,-12
-2.692e-06,-8
-2.688e-06,-4
-2.684e-06,-12
-2.680e-06,-8
-2.676e-06,-4
-2.672e-06,-4
-2.668e-06,-12
-2.664e-06,-4
-2.660e-06,-12
-2.656e-06,-12
-2.652e-06,-4
-2.648e-06,-12
-2.644e-06,-8
-2.640e-06,4
-2.636e-06,-12
-2.632e-06,-8
-2.628e-06,-8
-2.624e-06,-8
-2.620e-06,-12
-2.616e-06,-12
-2.612e-06,-4
-2.608e-06,-4
-2.604e-06,-8
-2.600e-06,-12
-2.596e-06,-8
-2.592e-06,-4
-2.588e-06,-8
-2.584e-06,-8
-2.580e-06,-8
-2.576e-06,0
-2.572e-06,-8
-2.568e-06,-8
-2.564e-06,-4
-2.560e-06,-12
-2.556e-06,-4
-2.552e-06,-4
-2.548e-06,0
-2.544e-06,-12
-2.540e-06,-12
-2.536e-06,-8
-2.532e-06,0
-2.528e-06,-12
-2.524e-06,-12
-2.520e-06,-8
-2.516e-06,-8
-2.512e-06,-4
-2.508e-06,-4
-2.504e-06,-12
-2.500e-06,-8
-2.496e-06,-12
-2.492e-06,-4
-2.488e-06,-8
-2.484e-06,-12
-2.480e-06,-8
-2.476e-06,0
-2.472e-06,-12
-2.468e-06,-4
-2.464e-06,-4
-2.460e-06,-8
-2.456e-06,-8
-2.452e-06,-12
-2.448e-06,-8
-2.444e-06,-8
-2.440e-06,-12
-2.436e-06,-12
-2.432e-06,-12
-2.428e-06,-8
-2.424e-06,-12
-2.420e-06,-12
-2.416e-06,-8
-2.412e-06,-12
-2.408e-06,-16
-2.404e-06,-12
-2.400e-06,-12
-2.396e-06,-8
-2.392e-06,-12
-2.388e-06,-12
-2.384e-06,-8
-2.380e-06,-12
-2.376e-06,-12
-2.372e-06,-4
-2.368e-06,-4
-2.364e-06,-16
-2.360e-06,-8
-2.356e-06,-4
-2.352e-06,-8
-2.348e-06,-8
-2.344e-06,-4
-2.340e-06,-8
-2.336e-06,-8
-2.332e-06,-12
-2.328e-06,-16
-2.324e-06,-4
-2.320e-06,-12
-2.316e-06,-8
-2.312e-06,-4
-2.308e-06,-4
-2.304e-06,-16
-2.300e-06,-4
-2.296e-06,-4
-2.292e-06,-16
-2.288e-06,-8
-2.284e-06,-8
-2.280e-06,-8
-2.276e-06,-12
-2.272e-06,-8
-2.268e-06,-8
-2.264e-06,-12
-2.260e-06,-12
-2.256e-06,-8
-2.252e-06,-12
-2.248e-06,-12
-2.244e-06,-16
-2.240e-06,-12
-2.236e-06,-8
-2.232e-06,-8
-2.228e-06,0
-2.224e-06,-4
-2.220e-06,-12
-2.216e-06,-8
-2.212e-06,-12
-2.208e-06,-12
-2.204e-06,-12
-2.200e-06,-12
-2.196e-06,-8
-2.192e-06,-12
-2.188e-06,-4
-2.184e-06,-12
-2.180e-06,-8
-2.176e-06,-4
-2.172e-06,-12
-2.168e-06,-12
-2.164e-06,-8
-2.160e-06,-12
-2.156e-06,-8
-2.152e-06,-12
-2.148e-06,-8
-2.144e-06,-8
-2.140e-06,-8
-2.136e-06,-4
-2.132e-06,-4
-2.128e-06,-12
-2.124e-06,-8
-2.120e-06,-12
-2.116e-06,-4
-2.112e-06,-12
-2.108e-06,-12
-2.104e-06,-8
-2.100e-06,-4
-2.096e-06,-8
-2.092e-06,-12
-2.088e-06,-8
-2.084e-06,-8
-2.080e-06,-12
-2.076e-06,-12
-2.072e-06,-16
-2.068e-06,-16
-2.064e-06,-8
-2.060e-06,-8
-2.056e-06,-8
-2.052e-06,-8
-2.048e-06,-4
-2.044e-06,-8
-2.040e-06,-4
-2.036e-06,-8
-2.032e-06,-8
-2.028e-06,0
-2.024e-06,-4
-2.020e-06,-8
-2.016e-06,-8
-2.012e-06,-12
-2.008e-06,-8
-2.004e-06,-12
-2.000e-06,-8
-1.996e-06,-12
-1.992e-06,-4
-1.988e-06,-12
-1.984e-06,-8
-1.980e-06,-8
-1.976e-06,-4
-1.972e-06,-12
-1.968e-06,-12
-1.964e-06,-8
-1.960e-06,-8
-1.956e-06,-12
-1.952e-06,-8
-1.948e-06,-8
-1.944e-06,-4
-1.940e-06,-12
-1.936e-06,-8
-1.932e-06,-4
-1.928e-06,-8
-1.924e-06,-4
-1.920e-06,-8
-1.916e-06,-4
-1.912e-06,-8
-1.908e-06,-4
-1.904e-06,-8
-1.900e-06,4
-1.896e-06,-8
-1.892e-06,-8
-1.888e-06,-8
-1.884e-06,-12
-1.880e-06,-16
-1.876e-06,-8
-1.872e-06,-4
-1.868e-06,-4
-1.864e-06,-12
-1.860e-06,-4
-1.856e-06,-4
-1.852e-06,-12
-1.848e-06,-12
-1.844e-06,-4
-1.840e-06,-12
-1.836e-06,-12
-1.832e-06,-8
-1.828e-06,-12
-1.824e-06,-16
-1.820e-06,-12
-1.816e-06,-4
-1.812e-06,-12
-1.808e-06,-12
-1.804e-06,-8
-1.800e-06,-8
-1.796e-06,-12
-1.792e-06,-4
-1.788e-06,-8
-1.784e-06,-8
-1.780e-06,-8
-1.776e-06,-12
-1.772e-06,-8
-1.768e-06,-12
-1.764e-06,-12
-1.760e-06,-12
-1.756e-06,-8
-1.752e-06,-4
-1.748e-06,-8
-1.744e-06,-8
-1.740e-06,-8
-1.736e-06,-8
-1.732e-06,-8
-1.728e-06,-8
-1.724e-06,-8
-1.720e-06,-12
-1.716e-06,-4
-1.712e-06,-12
-1.708e-06,-8
-1.704e-06,-16
-1.700e-06,-12
-1.696e-06,-12
-1.692e-06,-12
-1.688e-06,-8
-1.684e-06,-4
-1.680e-06,-8
-1.676e-06,-4
-1.672e-06,-8
-1.668e-06,-4
-1.664e-06,-8
-1.660e-06,-12
-1.656e-06,-4
-1.652e-06,-4
-1.648e-06,-12
-1.644e-06,-12
-1.640e-06,-8
-1.636e-06,-4
-1.632e-06,-12
-1.628e-06,-8
-1.624e-06,-4
-1.620e-06,-8
-1.616e-06,-8
-1.612e-06,-4
-1.608e-06,-8
-1.604e-06,-4
-1.600e-06,-4
-1.596e-06,-4
-1.592e-06,-4
-1.588e-06,-8
-1.584e-06,-4
-1.580e-06,-8
-1.576e-06,0
-1.572e-06,-12
-1.568e-06,-8
-1.564e-06,-8
-1.560e-06,-8
-1.556e-06,-8
-1.552e-06,-4
-1.548e-06,-4
-1.544e-06,-8
-1.540e-06,-4
-1.536e-06,-12
-1.532e-06,-8
-1.528e-06,-8
-1.524e-06,-8
-1.520e-06,-8
-1.516e-06,0
-1.512e-06,-8
-1.508e-06,-8
-1.504e-06,-4
-1.500e-06,-8
-1.496e-06,-4
-1.492e-06,-8
-1.488e-06,-16
-1.484e-06,-4
-1.480e-06,-8
-1.476e-06,-8
-1.472e-06,-8
-1.468e-06,-8
-1.464e-06,-8
-1.460e-06,-8
-1.456e-06,-8
-1.452e-06,-12
-1.448e-06,0
-1.444e-06,-8
-1.440e-06,-12
-1.436e-06,-4
-1.432e-06,-8
-1.428e-06,-8
-1.424e-06,-8
-1.420e-06,-4
-1.416e-06,-12
-1.412e-06,-8
-1.408e-06,-12
-1.404e-06,-8
-1.400e-06,-8
-1.396e-06,-12
-1.392e-06,-8
-1.388e-06,-8
-1.384e-06,0
-1.380e-06,-8
-1.376e-06,-12
-1.372e-06,-4
-1.368e-06,-4
-1.364e-06,-16
-1.360e-06,-12
-1.356e-06,0
-1.352e-06,-4
-1.348e-06,-4
-1.344e-06,-8
-1.340e-06,-8
-1.336e-06,-8
-1.332e-06,-4
-1.328e-06,-8
-1.324e-06,-4
-1.320e-06,-8
-1.316e-06,-8
-1.312e-06,-8
-1.308e-06,-4
-1.304e-06,-4
-1.300e-06,-8
-1.296e-06,-12
-1.292e-06,-8
-1.288e-06,-4
-1.284e-06,-8
-1.280e-06,-4
-1.276e-06,0
-1.272e-06,-4
-1.268e-06,-12
-1.264e-06,-12
-1.260e-06,-8
-1.256e-06,-8
-1.252e-06,-8
-1.248e-06,-4
-1.244e-06,0
-1.240e-06,-8
-1.236e-06,-4
-1.232e-06,0
-1.228e-06,-8
-1.224e-06,-8
-1.220e-06,-12
-1.216e-06,-4
-1.212e-06,-4
-1.208e-06,-8
-1.204e-06,-4
-1.200e-06,0
-1.196e-06,-4
-1.192e-06,-8
-1.188e-06,-4
-1.184e-06,-4
-1.180e-06,-8
-1.176e-06,-8
-1.172e-06,-12
-1.168e-06,-8
-1.164e-06,0
-1.160e-06,-12
-1.156e-06,-4
-1.152e-06,-8
-1.148e-06,-4
-1.144e-06,0
-1.140e-06,0
-1.136e-06,-4
-1.132e-06,-4
-1.128e-06,-4
-1.124e-06,-8
-1.120e-06,-8
-1.116e-06,-4
-1.112e-06,-8
-1.108e-06,-4
-1.104e-06,-12
-1.100e-06,-4
-1.096e-06,-12
-1.092e-06,-8
-1.088e-06,-4
-1.084e-06,-4
-1.080e-06,0
-1.076e-06,-4
-1.072e-06,-4
-1.068e-06,-4
-1.064e-06,-8
-1.060e-06,-4
-1.056e-06,-12
-1.052e-06,-4
-1.048e-06,-8
-1.044e-06,-4
-1.040e-06,-4
-1.036e-06,-4
-1.032e-06,-4
-1.028e-06,-8
-1.024e-06,-4
-1.020e-06,-4
-1.016e-06,-4
-1.012e-06,-4
-1.008e-06,-4
-1.004e-06,-4
-1.00e-06,-8
-9.96e-07,-4
-9.92e-07,0
-9.88e-07,0
-9.84e-07,-4
-9.80e-07,-8
-9.76e-07,-4
-9.72e-07,-4
-9.68e-07,-12
-9.64e-07,-12
-9.60e-07,-8
-9.56e-07,-4
-9.52e-07,0
-9.48e-07,-4
-9.44e-07,0
-9.40e-07,-4
-9.36e-07,0
-9.32e-07,-4
-9.28e-07,-4
-9.24e-07,-4
-9.20e-07,-8
-9.16e-07,-4
-9.12e-07,-8
-9.08e-07,-8
-9.04e-07,-8
-9.00e-07,-4
-8.96e-07,0
-8.92e-07,-4
-8.88e-07,0
-8.84e-07,0
-8.80e-07,-4
-8.76e-07,-4
-8.72e-07,-4
-8.68e-07,-4
-8.64e-07,-4
-8.60e-07,-4
-8.56e-07,0
-8.52e-07,-8
-8.48e-07,-12
-8.44e-07,-8
-8.40e-07,0
-8.36e-07,-12
-8.32e-07,-8
-8.28e-07,-4
-8.24e-07,-4
-8.20e-07,-8
-8.16e-07,4
-8.12e-07,0
-8.08e-07,-8
-8.04e-07,-4
-8.00e-07,-12
-7.96e-07,-8
-7.92e-07,-4
-7.88e-07,0
-7.84e-07,-4
-7.80e-07,0
-7.76e-07,-4
-7.72e-07,-12
-7.68e-07,-8
-7.64e-07,0
-7.60e-07,-4
-7.56e-07,-4
-7.52e-07,-4
-7.48e-07,-4
-7.44e-07,-4
-7.40e-07,-4
-7.36e-07,-4
-7.32e-07,-4
-7.28e-07,0
-7.24e-07,-8
-7.20e-07,-4
-7.16e-07,-4
-7.12e-07,-4
-7.08e-07,0
-7.04e-07,0
-7.00e-07,-8
-6.96e-07,0
-6.92e-07,-4
-6.88e-07,0
-6.84e-07,0
-6.80e-07,0
-6.76e-07,-8
-6.72e-07,-8
-6.68e-07,-8
-6.64e-07,-4
-6.60e-07,-4
-6.56e-07,-4
-6.52e-07,-4
-6.48e-07,-4
-6.44e-07,-8
-6.40e-07,0
-6.36e-07,-4
-6.32e-07,0
-6.28e-07,-4
-6.24e-07,0
-6.20e-07,-8
-6.16e-07,0
-6.12e-07,-8
-6.08e-07,-12
-6.04e-07,-12
-6.00e-07,0
-5.96e-07,-4
-5.92e-07,-4
-5.88e-07,0
-5.84e-07,0
-5.80e-07,0
-5.76e-07,-8
-5.72e-07,-4
-5.68e-07,-8
-5.64e-07,-4
-5.60e-07,-4
-5.56e-07,0
-5.52e-07,-4
-5.48e-07,-4
-5.44e-07,-8
-5.40e-07,-4
-5.36e-07,0
-5.32e-07,-8
-5.28e-07,-4
-5.24e-07,-8
-5.20e-07,-12
-5.16e-07,-4
-5.12e-07,-4
-5.08e-07,-4
-5.04e-07,-8
-5.00e-07,-4
-4.96e-07,-4
-4.92e-07,-4
-4.88e-07,-8
-4.84e-07,-8
-4.80e-07,-12
-4.76e-07,-4
-4.72e-07,-4
-4.68e-07,0
-4.64e-07,-4
-4.60e-07,-4
-4.56e-07,-12
-4.52e-07,0
-4.48e-07,-8
-4.44e-07,-4
-4.40e-07,-4
-4.36e-07,-4
-4.32e-07,0
-4.28e-07,-4
-4.24e-07,-12
-4.20e-07,0
-4.16e-07,-4
-4.12e-07,12
-4.08e-07,-16
-4.04e-07,8
-4.00e-07,-8
-3.96e-07,20
-3.92e-07,28
-3.88e-07,4
-3.84e-07,28
-3.80e-07,4
-3.76e-07,12
-3.72e-07,-8
-3.68e-07,-12
-3.64e-07,-4
-3.60e-07,-20
-3.56e-07,-8
-3.52e-07,-12
-3.48e-07,-20
-3.44e-07,-12
-3.40e-07,-32
-3.36e-07,-16
-3.32e-07,-28
-3.28e-07,12
-3.24e-07,-8
-3.20e-07,12
-3.16e-07,20
-3.12e-07,8
-3.08e-07,4
-3.04e-07,24
-3.00e-07,44
-2.96e-07,40
-2.92e-07,20
-2.88e-07,40
-2.84e-07,24
-2.80e-07,48
-2.76e-07,44
-2.72e-07,32
-2.68e-07,44
-2.64e-07,40
-2.60e-07,52
-2.56e-07,40
-2.52e-07,32
-2.48e-07,8
-2.44e-07,12
-2.40e-07,32
-2.36e-07,48
-2.32e-07,28
-2.28e-07,8
-2.24e-07,-4
-2.20e-07,4
-2.16e-07,32
-2.12e-07,44
-2.08e-07,48
-2.04e-07,44
-2.00e-07,48
-1.96e-07,68
-1.92e-07,80
-1.88e-07,80
-1.84e-07,80
-1.80e-07,88
-1.76e-07,96
-1.72e-07,92
-1.68e-07,84
-1.64e-07,80
-1.60e-07,76
-1.56e-07,88
-1.52e-07,88
-1.48e-07,72
-1.44e-07,76
-1.40e-07,84
-1.36e-07,88
-1.32e-07,88
-1.28e-07,92
-1.24e-07,88
-1.20e-07,100
-1.16e-07,112
-1.12e-07,132
-1.08e-07,128
-1.04e-07,128
-1.0e-07,124
-9.6e-08,132
-9.2e-08,144
-8.8e-08,136
-8.4e-08,132
-8.0e-08,128
-7.6e-08,120
-7.2e-08,116
-6.8e-08,104
-6.4e-08,116
-6.0e-08,120
-5.6e-08,132
-5.2e-08,128
-4.8e-08,124
-4.4e-08,128
-4.0e-08,140
-3.6e-08,136
-3.2e-08,132
-2.8e-08,136
-2.4e-08,128
-2.0e-08,128
-1.6e-08,144
-1.2e-08,148
-8e-09,168
-4e-09,172
0.0e+00,184
4e-09,184
8e-09,196
1.2e-08,200
1.6e-08,208
2.0e-08,204
2.4e-08,196
2.8e-08,168
3.2e-08,176
3.6e-08,164
4.0e-08,180
4.4e-08,180
4.8e-08,184
5.2e-08,188
5.6e-08,200
6.0e-08,212
6.4e-08,216
6.8e-08,208
7.2e-08,208
7.6e-08,204
8.0e-08,216
8.4e-08,208
8.8e-08,212
9.2e-08,212
9.6e-08,208
1.0e-07,224
1.04e-07,224
1.08e-07,236
1.12e-07,244
1.16e-07,248
1.20e-07,256
1.24e-07,264
1.28e-07,264
1.32e-07,248
1.36e-07,244
1.40e-07,240
1.44e-07,244
1.48e-07,236
1.52e-07,236
1.56e-07,240
1.60e-07,244
1.64e-07,256
1.68e-07,256
1.72e-07,264
1.76e-07,268
1.80e-07,260
1.84e-07,272
1.88e-07,272
1.92e-07,268
1.96e-07,260
2.00e-07,256
2.04e-07,260
2.08e-07,264
2.12e-07,268
2.16e-07,272
2.20e-07,288
2.24e-07,288
2.28e-07,300
2.32e-07,304
2.36e-07,304
2.40e-07,292
2.44e-07,292
2.48e-07,284
2.52e-07,284
2.56e-07,284
2.60e-07,284
2.64e-07,284
2.68e-07,284
2.72e-07,292
2.76e-07,300
2.80e-07,304
2.84e-07,304
2.88e-07,304
2.92e-07,300
2.96e-07,308
3.00e-07,300
3.04e-07,296
3.08e-07,300
3.12e-07,296
3.16e-07,300
3.20e-07,312
3.24e-07,320
3.28e-07,316
3.32e-07,332
3.36e-07,328
3.40e-07,336
3.44e-07,328
3.48e-07,328
3.52e-07,320
3.56e-07,316
3.60e-07,312
3.64e-07,312
3.68e-07,312
3.72e-07,316
3.76e-07,316
3.80e-07,320
3.84e-07,324
3.88e-07,324
3.92e-07,332
3.96e-07,336
4.00e-07,340
4.04e-07,336
4.08e-07,340
4.12e-07,336
4.16e-07,336
4.20e-07,328
4.24e-07,340
4.28e-07,340
4.32e-07,344
4.36e-07,348
4.40e-07,348
4.44e-07,352
4.48e-07,356
4.52e-07,356
4.56e-07,348
4.60e-07,352
4.64e-07,356
4.68e-07,344
4.72e-07,340
4.76e-07,336
4.80e-07,332
4.84e-07,336
4.88e-07,340
4.92e-07,344
4.96e-07,348
5.00e-07,352
5.04e-07,364
5.08e-07,356
5.12e-07,356
5.16e-07,352
5.20e-07,352
5.24e-07,356
5.28e-07,360
5.32e-07,360
5.36e-07,360
5.40e-07,364
5.44e-07,360
5.48e-07,364
5.52e-07,376
5.56e-07,368
5.60e-07,372
5.64e-07,372
5.68e-07,364
5.72e-07,356
5.76e-07,356
5.80e-07,360
5.84e-07,352
5.88e-07,356
5.92e-07,368
5.96e-07,360
6.00e-07,364
6.04e-07,364
6.08e-07,372
6.12e-07,376
6.16e-07,376
6.20e-07,372
6.24e-07,372
6.28e-07,372
6.32e-07,368
6.36e-07,368
6.40e-07,368
6.44e-07,372
6.48e-07,372
6.52e-07,376
6.56e-07,376
6.60e-07,384
6.64e-07,380
6.68e-07,384
6.72e-07,384
6.76e-07,384
6.80e-07,376
6.84e-07,376
6.88e-07,372
6.92e-07,372
6.96e-07,372
7.00e-07,376
7.04e-07,376
7.08e-07,372
7.12e-07,380
7.16e-07,388
7.20e-07,384
7.24e-07,380
7.28e-07,380
7.32e-07,380
7.36e-07,376
7.40e-07,384
7.44e-07,384
7.48e-07,380
7.52e-07,384
7.56e-07,384
7.60e-07,388
7.64e-07,384
7.68e-07,384
7.72e-07,392
7.76e-07,396
7.80e-07,392
7.84e-07,388
7.88e-07,388
7.92e-07,392
7.96e-07,388
8.00e-07,384
8.04e-07,384
8.08e-07,384
8.12e-07,384
8.16e-07,392
8.20e-07,388
8.24e-07,388
8.28e-07,404
8.32e-07,396
8.36e-07,396
8.40e-07,388
8.44e-07,400
8.48e-07,392
8.52e-07,400
8.56e-07,396
8.60e-07,392
8.64e-07,380
8.68e-07,392
8.72e-07,396
8.76e-07,388
8.80e-07,396
8.84e-07,396
8.88e-07,400
8.92e-07,396
8.96e-07,400
9.00e-07,396
9.04e-07,384
9.08e-07,388
9.12e-07,388
9.16e-07,388
9.20e-07,392
9.24e-07,388
9.28e-07,400
9.32e-07,400
9.36e-07,396
9.40e-07,400
9.44e-07,396
9.48e-07,404
9.52e-07,404
9.56e-07,392
9.60e-07,396
9.64e-07,396
9.68e-07,404
9.72e-07,404
9.76e-07,396
9.80e-07,396
9.84e-07,404
9.88e-07,400
9.92e-07,404
9.96e-07,404
1.00e-06,396
1.004e-06,404
1.008e-06,404
1.012e-06,400
1.016e-06,400
1.020e-06,400
1.024e-06,396
1.028e-06,396
1.032e-06,400
1.036e-06,396
1.040e-06,396
1.044e-06,404
1.048e-06,400
1.052e-06,404
1.056e-06,400
1.060e-06,404
1.064e-06,404
1.068e-06,400
1.072e-06,404
1.076e-06,400
1.080e-06,408
1.084e-06,404
1.088e-06,408
1.092e-06,404
1.096e-06,408
1.100e-06,404
1.104e-06,404
1.108e-06,408
1.112e-06,404
1.116e-06,404
1.120e-06,400
1.124e-06,400
1.128e-06,400
1.132e-06,400
1.136e-06,408
1.140e-06,408
1.144e-06,404
1.148e-06,408
1.152e-06,408
1.156e-06,408
1.160e-06,408
1.164e-06,412
1.168e-06,400
1.172e-06,412
1.176e-06,408
1.180e-06,408
1.184e-06,400
1.188e-06,408
1.192e-06,408
1.196e-06,408
1.200e-06,400
1.204e-06,404
1.208e-06,404
1.212e-06,408
1.216e-06,404
1.220e-06,404
1.224e-06,412
1.228e-06,408
1.232e-06,404
1.236e-06,408
1.240e-06,400
1.244e-06,404
1.248e-06,408
1.252e-06,408
1.256e-06,412
1.260e-06,408
1.264e-06,412
1.268e-06,408
1.272e-06,416
1.276e-06,408
1.280e-06,408
1.284e-06,404
1.288e-06,408
1.292e-06,404
1.296e-06,408
1.300e-06,416
1.304e-06,416
1.308e-06,404
1.312e-06,404
1.316e-06,412
1.320e-06,412
1.324e-06,412
1.328e-06,412
1.332e-06,412
1.336e-06,412
1.340e-06,412
1.344e-06,412
1.348e-06,412
1.352e-06,412
1.356e-06,408
1.360e-06,420
1.364e-06,416
1.368e-06,412
1.372e-06,412
1.376e-06,420
1.380e-06,412
1.384e-06,416
1.388e-06,416
1.392e-06,412
1.396e-06,412
1.400e-06,408
1.404e-06,408
1.408e-06,412
1.412e-06,416
1.416e-06,412
1.420e-06,408
1.424e-06,412
1.428e-06,416
1.432e-06,412
1.436e-06,412
1.440e-06,408
1.444e-06,412
1.448e-06,412
1.452e-06,408
1.456e-06,412
1.460e-06,408
1.464e-06,412
1.468e-06,412
1.472e-06,412
1.476e-06,416
1.480e-06,416
1.484e-06,416
1.488e-06,416
1.492e-06,412
1.496e-06,408
1.500e-06,412
1.504e-06,408
1.508e-06,412
1.512e-06,408
1.516e-06,408
1.520e-06,416
1.524e-06,416
1.528e-06,416
1.532e-06,416
1.536e-06,416
1.540e-06,416
1.544e-06,412
1.548e-06,412
1.552e-06,416
1.556e-06,412
1.560e-06,416
1.564e-06,420
1.568e-06,412
1.572e-06,416
1.576e-06,412
1.580e-06,412
1.584e-06,412
1.588e-06,412
1.592e-06,416
1.596e-06,412
1.600e-06,412
1.604e-06,416
1.608e-06,412
1.612e-06,412
1.616e-06,412
1.620e-06,408
1.624e-06,420
1.628e-06,412
1.632e-06,416
1.636e-06,416
1.640e-06,416
1.644e-06,416
1.648e-06,412
1.652e-06,416
1.656e-06,412
1.660e-06,416
1.664e-06,416
1.668e-06,412
1.672e-06,416
1.676e-06,416
1.680e-06,416
1.684e-06,412
1.688e-06,416
1.692e-06,416
1.696e-06,420
1.700e-06,416
1.704e-06,420
1.708e-06,416
1.712e-06,420
1.716e-06,412
1.720e-06,408
1.724e-06,416
1.728e-06,416
1.732e-06,416
1.736e-06,416
1.740e-06,420
1.744e-06,420
1.748e-06,408
1.752e-06,416
1.756e-06,420
1.760e-06,420
1.764e-06,412
1.768e-06,416
1.772e-06,416
1.776e-06,416
1.780e-06,412
1.784e-06,412
1.788e-06,412
1.792e-06,420
1.796e-06,416
1.800e-06,416
1.804e-06,416
1.808e-06,416
1.812e-06,416
1.816e-06,412
1.820e-06,412
1.824e-06,416
1.828e-06,412
1.832e-06,420
1.836e-06,416
1.840e-06,424
1.844e-06,416
1.848e-06,416
1.852e-06,412
1.856e-06,416
1.860e-06,412
1.864e-06,416
1.868e-06,420
1.872e-06,420
1.876e-06,420
1.880e-06,420
1.884e-06,416
1.888e-06,420
1.892e-06,416
1.896e-06,420
1.900e-06,416
1.904e-06,420
1.908e-06,420
1.912e-06,416
1.916e-06,412
1.920e-06,416
1.924e-06,416
1.928e-06,420
1.932e-06,420
1.936e-06,420
1.940e-06,420
1.944e-06,420
1.948e-06,412
1.952e-06,412
1.956e-06,416
1.960e-06,416
1.964e-06,416
1.968e-06,416
1.972e-06,424
1.976e-06,416
1.980e-06,416
1.984e-06,420
1.988e-06,424
1.992e-06,420
1.996e-06,416
2.000e-06,416
2.004e-06,416
2.008e-06,420
2.012e-06,416
2.016e-06,416
2.020e-06,420
2.024e-06,420
2.028e-06,416
2.032e-06,416
2.036e-06,416
2.040e-06,416
2.044e-06,416
2.048e-06,412
2.052e-06,412
2.056e-06,412
2.060e-06,416
2.064e-06,416
2.068e-06,420
2.072e-06,416
2.076e-06,424
2.080e-06,416
2.084e-06,420
2.088e-06,420
2.092e-06,420
2.096e-06,416
2.100e-06,416
2.104e-06,416
2.108e-06,416
2.112e-06,412
2.116e-06,416
2.120e-06,420
2.124e-06,420
2.128e-06,412
2.132e-06,424
2.136e-06,416
2.140e-06,420
2.144e-06,420
2.148e-06,420
2.152e-06,416
2.156e-06,416
2.160e-06,416
2.164e-06,416
2.168e-06,416
2.172e-06,412
2.176e-06,420
2.180e-06,420
2.184e-06,420
2.188e-06,420
2.192e-06,416
2.196e-06,416
2.200e-06,420
2.204e-06,412
2.208e-06,420
2.212e-06,416
2.216e-06,416
2.220e-06,416
2.224e-06,420
2.228e-06,420
2.232e-06,416
2.236e-06,416
2.240e-06,416
2.244e-06,416
2.248e-06,424
2.252e-06,416
2.256e-06,416
2.260e-06,420
2.264e-06,416
2.268e-06,416
2.272e-06,412
2.276e-06,420
2.280e-06,416
2.284e-06,420
2.288e-06,416
2.292e-06,420
2.296e-06,420
2.300e-06,424
2.304e-06,420
2.308e-06,420
2.312e-06,420
2.316e-06,416
2.320e-06,420
2.324e-06,412
2.328e-06,416
2.332e-06,416
2.336e-06,412
2.340e-06,416
2.344e-06,412
2.348e-06,420
2.352e-06,416
2.356e-06,416
2.360e-06,420
2.364e-06,416
2.368e-06,416
2.372e-06,416
2.376e-06,416
2.380e-06,420
2.384e-06,420
2.388e-06,420
2.392e-06,424
2.396e-06,408
2.400e-06,424
2.404e-06,412
2.408e-06,416
2.412e-06,416
2.416e-06,420
2.420e-06,416
2.424e-06,420
2.428e-06,420
2.432e-06,424
2.436e-06,420
2.440e-06,416
2.444e-06,424
2.448e-06,416
2.452e-06,416
2.456e-06,416
2.460e-06,416
2.464e-06,424
2.468e-06,416
2.472e-06,420
2.476e-06,416
2.480e-06,420
2.484e-06,416
2.488e-06,424
2.492e-06,416
2.496e-06,416
2.500e-06,416
2.504e-06,408
2.508e-06,424
2.512e-06,424
2.516e-06,420
2.520e-06,412
2.524e-06,416
2.528e-06,420
2.532e-06,416
2.536e-06,416
2.540e-06,416
2.544e-06,416
2.548e-06,416
2.552e-06,412
2.556e-06,416
2.560e-06,416
2.564e-06,424
2.568e-06,416
2.572e-06,416
2.576e-06,412
2.580e-06,424
2.584e-06,416
2.588e-06,420
2.592e-06,420
2.596e-06,424
2.600e-06,420
2.604e-06,416
2.608e-06,416
2.612e-06,416
2.616e-06,416
2.620e-06,416
2.624e-06,416
2.628e-06,420
2.632e-06,420
2.636e-06,424
2.640e-06,416
2.644e-06,416
2.648e-06,416
2.652e-06,420
2.656e-06,420
2.660e-06,416
2.664e-06,416
2.668e-06,424
2.672e-06,416
2.676e-06,420
2.680e-06,416
2.684e-06,416
2.688e-06,424
2.692e-06,416
2.696e-06,420
2.700e-06,416
2.704e-06,416
2.708e-06,420
2.712e-06,416
2.716e-06,428
2.720e-06,416
2.724e-06,416
2.728e-06,420
2.732e-06,416
2.736e-06,420
2.740e-06,416
2.744e-06,420
2.748e-06,416
2.752e-06,416
2.756e-06,416
2.760e-06,416
2.764e-06,420
2.768e-06,416
2.772e-06,420
2.776e-06,424
2.780e-06,424
2.784e-06,416
2.788e-06,424
2.792e-06,416
2.796e-06,420
2.800e-06,416
2.804e-06,416
2.808e-06,420
2.812e-06,416
2.816e-06,420
2.820e-06,416
2.824e-06,420
2.828e-06,416
2.832e-06,416
2.836e-06,416
2.840e-06,420
2.844e-06,424
2.848e-06,416
2.852e-06,424
2.856e-06,424
2.860e-06,420
2.864e-06,412
2.868e-06,420
2.872e-06,420
2.876e-06,416
2.880e-06,420
2.884e-06,412
2.888e-06,416
2.892e-06,420
2.896e-06,420
2.900e-06,420
2.904e-06,420
2.908e-06,416
2.912e-06,416
2.916e-06,420
2.920e-06,420
2.924e-06,424
2.928e-06,416
2.932e-06,420
2.936e-06,416
2.940e-06,416
2.944e-06,420
2.948e-06,416
2.952e-06,416
2.956e-06,424
2.960e-06,412
2.964e-06,412
2.968e-06,420
2.972e-06,420
2.976e-06,420
2.980e-06,420
2.984e-06,420
2.988e-06,420
2.992e-06,416
2.996e-06,420
3.000e-06,424
3.004e-06,420
3.008e-06,416
3.012e-06,416
3.016e-06,420
3.020e-06,420
3.024e-06,420
3.028e-06,416
3.032e-06,416
3.036e-06,420
3.040e-06,416
3.044e-06,420
3.048e-06,420
3.052e-06,420
3.056e-06,420
3.060e-06,420
3.064e-06,416
3.068e-06,420
3.072e-06,420
3.076e-06,420
3.080e-06,416
3.084e-06,416
3.088e-06,416
3.092e-06,416
3.096e-06,424
3.100e-06,416
3.104e-06,416
3.108e-06,420
3.112e-06,416
3.116e-06,424
3.120e-06,420
3.124e-06,416
3.128e-06,416
3.132e-06,412
3.136e-06,416
3.140e-06,420
3.144e-06,420
3.148e-06,416
3.152e-06,416
3.156e-06,420
3.160e-06,416
3.164e-06,416
3.168e-06,420
3.172e-06,420
3.176e-06,420
3.180e-06,416
3.184e-06,416
3.188e-06,420
3.192e-06,416
3.196e-06,412
3.200e-06,416
3.204e-06,424
3.208e-06,420
3.212e-06,420
3.216e-06,416
3.220e-06,416
3.224e-06,416
3.228e-06,420
3.232e-06,416
3.236e-06,420
3.240e-06,412
3.244e-06,416
3.248e-06,420
3.252e-06,416
3.256e-06,416
3.260e-06,416
3.264e-06,416
3.268e-06,416
3.272e-06,412
3.276e-06,412
3.280e-06,416
3.284e-06,416
3.288e-06,420
3.292e-06,416
3.296e-06,416
3.300e-06,416
3.304e-06,424
3.308e-06,412
3.312e-06,420
3.316e-06,416
3.320e-06,420
3.324e-06,424
3.328e-06,420
3.332e-06,420
3.336e-06,412
3.340e-06,416
3.344e-06,420
3.348e-06,416
3.352e-06,420
3.356e-06,416
3.360e-06,420
3.364e-06,420
3.368e-06,416
3.372e-06,416
3.376e-06,420
3.380e-06,420
3.384e-06,420
3.388e-06,420
3.392e-06,420
3.396e-06,424
3.400e-06,420
3.404e-06,424
3.408e-06,412
3.412e-06,420
3.416e-06,416
3.420e-06,416
3.424e-06,416
3.428e-06,420
3.432e-06,420
3.436e-06,416
3.440e-06,420
3.444e-06,424
3.448e-06,420
3.452e-06,416
3.456e-06,420
3.460e-06,420
3.464e-06,416
3.468e-06,416
3.472e-06,412
3.476e-06,416
3.480e-06,416
3.484e-06,420
3.488e-06,412
3.492e-06,416
3.496e-06,416
3.500e-06,420
3.504e-06,420
3.508e-06,416
3.512e-06,416
3.516e-06,424
3.520e-06,420
3.524e-06,416
3.528e-06,416
3.532e-06,412
3.536e-06,420
3.540e-06,416
3.544e-06,416
3.548e-06,416
3.552e-06,416
3.556e-06,424
3.560e-06,416
3.564e-06,412
3.568e-06,420
3.572e-06,420
3.576e-06,416
3.580e-06,420
3.584e-06,416
3.588e-06,416
3.592e-06,420
3.596e-06,420
3.600e-06,416
3.604e-06,420
3.608e-06,412
3.612e-06,420
3.616e-06,416
3.620e-06,416
3.624e-06,416
3.628e-06,416
3.632e-06,412
3.636e-06,420
3.640e-06,412
3.644e-06,412
3.648e-06,416
3.652e-06,420
3.656e-06,416
3.660e-06,416
3.664e-06,420
3.668e-06,416
3.672e-06,424
3.676e-06,416
3.680e-06,424
3.684e-06,416
3.688e-06,416
3.692e-06,416
3.696e-06,416
3.700e-06,424
3.704e-06,416
3.708e-06,416
3.712e-06,420
3.716e-06,424
3.720e-06,420
3.724e-06,420
3.728e-06,420
3.732e-06,416
3.736e-06,420
3.740e-06,416
3.744e-06,420
3.748e-06,416
3.752e-06,416
3.756e-06,416
3.760e-06,424
3.764e-06,420
3.768e-06,424
3.772e-06,416
3.776e-06,412
3.780e-06,416
3.784e-06,416
3.788e-06,420
3.792e-06,420
3.796e-06,416
3.800e-06,420
3.804e-06,420
3.808e-06,416
3.812e-06,416
3.816e-06,416
3.820e-06,420
3.824e-06,416
3.828e-06,420
3.832e-06,412
3.836e-06,416
3.840e-06,416
3.844e-06,412
3.848e-06,420
3.852e-06,416
3.856e-06,420
3.860e-06,416
3.864e-06,416
3.868e-06,420
3.872e-06,416
3.876e-06,424
3.880e-06,416
3.884e-06,412
3.888e-06,416
3.892e-06,420
3.896e-06,424
3.900e-06,424
3.904e-06,416
3.908e-06,420
3.912e-06,416
3.916e-06,420
3.920e-06,412
3.924e-06,416
3.928e-06,420
3.932e-06,416
3.936e-06,420
3.940e-06,420
3.944e-06,416
3.948e-06,420
3.952e-06,416
3.956e-06,416
3.960e-06,420
3.964e-06,416
3.968e-06,420
3.972e-06,420
3.976e-06,412
3.980e-06,416
3.984e-06,420
3.988e-06,420
3.992e-06,420
3.996e-06,420
4.000e-06,416
4.004e-06,424
4.008e-06,420
4.012e-06,420
4.016e-06,420
4.020e-06,416
4.024e-06,420
4.028e-06,412
4.032e-06,420
4.036e-06,416
4.040e-06,420
4.044e-06,416
4.048e-06,416
4.052e-06,420
4.056e-06,412
4.060e-06,412
4.064e-06,420
4.068e-06,412
4.072e-06,416
4.076e-06,420
4.080e-06,416
4.084e-06,416
4.088e-06,420
4.092e-06,416
4.096e-06,416
4.100e-06,412
4.104e-06,424
4.108e-06,420
4.112e-06,420
4.116e-06,416
4.120e-06,420
4.124e-06,420
4.128e-06,416
4.132e-06,420
4.136e-06,420
4.140e-06,416
4.144e-06,420
4.148e-06,416
4.152e-06,416
4.156e-06,416
4.160e-06,420
4.164e-06,416
4.168e-06,416
4.172e-06,412
4.176e-06,412
4.180e-06,420
4.184e-06,420
4.188e-06,416
4.192e-06,416
4.196e-06,420
4.200e-06,424
4.204e-06,420
4.208e-06,420
4.212e-06,420
4.216e-06,416
4.220e-06,420
4.224e-06,420
4.228e-06,416
4.232e-06,420
4.236e-06,420
4.240e-06,416
4.244e-06,420
4.248e-06,412
4.252e-06,416
4.256e-06,416
4.260e-06,416
4.264e-06,416
4.268e-06,412
4.272e-06,416
4.276e-06,420
4.280e-06,416
4.284e-06,416
4.288e-06,416
4.292e-06,420
4.296e-06,420
4.300e-06,412
4.304e-06,420
4.308e-06,416
4.312e-06,420
4.316e-06,416
4.320e-06,416
4.324e-06,416
4.328e-06,416
4.332e-06,416
4.336e-06,416
4.340e-06,416
4.344e-06,416
4.348e-06,416
4.352e-06,416
4.356e-06,412
4.360e-06,416
4.364e-06,416
4.368e-06,416
4.372e-06,424
4.376e-06,424
4.380e-06,416
4.384e-06,412
4.388e-06,416
4.392e-06,420
4.396e-06,416
4.400e-06,412
4.404e-06,420
4.408e-06,416
4.412e-06,416
4.416e-06,416
4.420e-06,416
4.424e-06,416
4.428e-06,420
4.432e-06,420
4.436e-06,412
4.440e-06,420
4.444e-06,420
4.448e-06,416
4.452e-06,412
4.456e-06,416
4.460e-06,416
4.464e-06,420
4.468e-06,416
4.472e-06,424
4.476e-06,420
4.480e-06,420
4.484e-06,416
4.488e-06,424
4.492e-06,416
4.496e-06,416
4.500e-06,420
4.504e-06,416
4.508e-06,412
4.512e-06,416
4.516e-06,420
4.520e-06,420
4.524e-06,420
4.528e-06,420
4.532e-06,420
4.536e-06,424
4.540e-06,424
4.544e-06,416
4.548e-06,412
4.552e-06,416
4.556e-06,420
4.560e-06,416
4.564e-06,416
4.568e-06,416
4.572e-06,412
4.576e-06,416
4.580e-06,412
4.584e-06,420
4.588e-06,424
4.592e-06,416
4.596e-06,416
4.600e-06,428
4.604e-06,420
4.608e-06,416
4.612e-06,416
4.616e-06,420
4.620e-06,416
4.624e-06,420
4.628e-06,416
4.632e-06,416
4.636e-06,416
4.640e-06,416
4.644e-06,420
4.648e-06,416
4.652e-06,404
4.656e-06,420
4.660e-06,424
4.664e-06,420
4.668e-06,416
4.672e-06,416
4.676e-06,416
4.680e-06,408
4.684e-06,416
4.688e-06,420
4.692e-06,416
4.696e-06,416
4.700e-06,416
4.704e-06,416
4.708e-06,416
4.712e-06,416
4.716e-06,416
4.720e-06,420
4.724e-06,420
4.728e-06,420
4.732e-06,420
4.736e-06,420
4.740e-06,420
4.744e-06,416
4.748e-06,420
4.752e-06,420
4.756e-06,420
4.760e-06,420
4.764e-06,420
4.768e-06,416
4.772e-06,416
4.776e-06,416
4.780e-06,416
4.784e-06,416
4.788e-06,416
4.792e-06,424
4.796e-06,420
4.800e-06,420
4.804e-06,416
4.808e-06,412
4.812e-06,420
4.816e-06,416
4.820e-06,416
4.824e-06,416
4.828e-06,420
4.832e-06,416
4.836e-06,416
4.840e-06,416
4.844e-06,412
4.848e-06,416
4.852e-06,420
4.856e-06,416
4.860e-06,420
4.864e-06,416
4.868e-06,420
4.872e-06,420
4.876e-06,416
4.880e-06,420
4.884e-06,420
4.888e-06,420
4.892e-06,424
4.896e-06,416
4.900e-06,416
4.904e-06,412
4.908e-06,416
4.912e-06,424
4.916e-06,420
4.920e-06,416
4.924e-06,412
4.928e-06,424
4.932e-06,424
4.936e-06,420
4.940e-06,420
4.944e-06,420
4.948e-06,420
4.952e-06,416
4.956e-06,412
4.960e-06,420
4.964e-06,416
4.968e-06,412
4.972e-06,420
4.976e-06,412
4.980e-06,416
4.984e-06,420
4.988e-06,416
4.992e-06,420
4.996e-06,416
5.000e-06,420
5.004e-06,416
5.008e-06,420
5.012e-06,412
5.016e-06,412
5.020e-06,412
5.024e-06,420
5.028e-06,416
5.032e-06,416
5.036e-06,420
5.040e-06,416
5.044e-06,416
5.048e-06,420
5.052e-06,424
5.056e-06,424
5.060e-06,416
5.064e-06,416
5.068e-06,424
5.072e-06,424
5.076e-06,416
5.080e-06,416
5.084e-06,420
5.088e-06,416
5.092e-06,416
5.096e-06,416
5.100e-06,420
5.104e-06,416
5.108e-06,420
5.112e-06,428
5.116e-06,420
5.120e-06,416
5.124e-06,416
5.128e-06,420
5.132e-06,420
5.136e-06,424
5.140e-06,416
5.144e-06,420
5.148e-06,416
5.152e-06,416
5.156e-06,424
5.160e-06,416
5.164e-06,412
5.168e-06,420
5.172e-06,416
5.176e-06,416
5.180e-06,416
5.184e-06,420
5.188e-06,420
5.192e-06,416
5.196e-06,416
5.200e-06,416
5.204e-06,424
5.208e-06,420
5.212e-06,416
5.216e-06,416
5.220e-06,416
5.224e-06,416
5.228e-06,416
5.232e-06,420
5.236e-06,420
5.240e-06,420
5.244e-06,424
5.248e-06,412
5.252e-06,416
5.256e-06,420
5.260e-06,420
5.264e-06,416
5.268e-06,424
5.272e-06,416
5.276e-06,420
5.280e-06,420
5.284e-06,424
5.288e-06,416
5.292e-06,416
5.296e-06,416
5.300e-06,416
5.304e-06,416
5.308e-06,428
5.312e-06,416
5.316e-06,416
5.320e-06,420
5.324e-06,420
5.328e-06,420
5.332e-06,424
5.336e-06,416
5.340e-06,416
5.344e-06,416
5.348e-06,416
5.352e-06,416
5.356e-06,420
5.360e-06,416
5.364e-06,424
5.368e-06,420
5.372e-06,416
5.376e-06,420
5.380e-06,416
5.384e-06,416
5.388e-06,420
5.392e-06,420
5.396e-06,424
5.400e-06,416
5.404e-06,416
5.408e-06,420
5.412e-06,416
5.416e-06,424
5.420e-06,416
5.424e-06,420
5.428e-06,416
5.432e-06,416
5.436e-06,416
5.440e-06,420
5.444e-06,416
5.448e-06,416
5.452e-06,420
5.456e-06,424
5.460e-06,420
5.464e-06,428
5.468e-06,420
5.472e-06,416
5.476e-06,424
5.480e-06,420
5.484e-06,416
5.488e-06,420
5.492e-06,420
5.496e-06,416
5.500e-06,412
5.504e-06,416
5.508e-06,416
5.512e-06,408
5.516e-06,420
5.520e-06,416
5.524e-06,420
5.528e-06,416
5.532e-06,420
5.536e-06,416
5.540e-06,416
5.544e-06,416
5.548e-06,420
5.552e-06,420
5.556e-06,416
5.560e-06,416
5.564e-06,420
5.568e-06,416
5.572e-06,416
5.576e-06,420
5.580e-06,420
5.584e-06,420
5.588e-06,416
5.592e-06,416
5.596e-06,420
5.600e-06,420
5.604e-06,412
5.608e-06,416
5.612e-06,420
5.616e-06,420
5.620e-06,420
5.624e-06,424
5.628e-06,416
5.632e-06,416
5.636e-06,416
5.640e-06,420
5.644e-06,416
5.648e-06,420
5.652e-06,412
5.656e-06,416
5.660e-06,424
5.664e-06,416
5.668e-06,412
5.672e-06,416
5.676e-06,424
5.680e-06,416
5.684e-06,416
5.688e-06,420
5.692e-06,420
5.696e-06,416
5.700e-06,412
5.704e-06,416
5.708e-06,424
5.712e-06,420
5.716e-06,420
5.720e-06,424
5.724e-06,428
5.728e-06,420
5.732e-06,420
5.736e-06,416
5.740e-06,424
5.744e-06,412
5.748e-06,416
5.752e-06,420
5.756e-06,416
5.760e-06,424
5.764e-06,416
5.768e-06,420
5.772e-06,420
5.776e-06,416
5.780e-06,420
5.784e-06,420
5.788e-06,416
5.792e-06,420
5.796e-06,412
5.800e-06,416
5.804e-06,420
5.808e-06,416
5.812e-06,416
5.816e-06,420
5.820e-06,428
5.824e-06,416
5.828e-06,416
5.832e-06,416
5.836e-06,412
5.840e-06,416
5.844e-06,412
5.848e-06,408
5.852e-06,408
5.856e-06,420
5.860e-06,420
5.864e-06,416
5.868e-06,416
5.872e-06,412
5.876e-06,420
5.880e-06,416
5.884e-06,416
5.888e-06,416
5.892e-06,416
5.896e-06,420
5.900e-06,416
5.904e-06,428
5.908e-06,420
5.912e-06,416
5.916e-06,416
5.920e-06,416
5.924e-06,416
5.928e-06,420
5.932e-06,424
5.936e-06,424
5.940e-06,412
5.944e-06,416
5.948e-06,420
5.952e-06,416
5.956e-06,420
5.960e-06,416
5.964e-06,416
5.968e-06,416
5.972e-06,420
5.976e-06,424
5.980e-06,420
5.984e-06,420
5.988e-06,416
5.992e-06,424
5.996e-06,412
6.000e-06,416
6.004e-06,424
6.008e-06,420
6.012e-06,416
6.016e-06,424
6.020e-06,416
6.024e-06,420
6.028e-06,416
6.032e-06,416
6.036e-06,416
6.040e-06,412
6.044e-06,420
6.048e-06,424
6.052e-06,416
6.056e-06,424
6.060e-06,416
6.064e-06,412
6.068e-06,420
6.072e-06,416
6.076e-06,412
6.080e-06,428
6.084e-06,416
6.088e-06,416
6.092e-06,420
6.096e-06,424
6.100e-06,420
6.104e-06,416
6.108e-06,416
6.112e-06,416
6.116e-06,412
6.120e-06,416
6.124e-06,420
6.128e-06,420
6.132e-06,412
6.136e-06,416
6.140e-06,416
6.144e-06,416
6.148e-06,420
6.152e-06,420
6.156e-06,416
6.160e-06,416
6.164e-06,416
6.168e-06,416
6.172e-06,420
6.176e-06,416
6.180e-06,416
6.184e-06,420
6.188e-06,424
6.192e-06,420
6.196e-06,420
6.200e-06,416
6.204e-06,416
6.208e-06,412
6.212e-06,416
6.216e-06,420
6.220e-06,416
6.224e-06,424
6.228e-06,416
6.232e-06,416
6.236e-06,420
6.240e-06,412
6.244e-06,416
6.248e-06,412
6.252e-06,416
6.256e-06,416
6.260e-06,412
6.264e-06,416
6.268e-06,416
6.272e-06,416
6.276e-06,420
6.280e-06,412
6.284e-06,416
6.288e-06,420
6.292e-06,416
6.296e-06,416
6.300e-06,420
6.304e-06,412
6.308e-06,408
6.312e-06,396
6.316e-06,388
6.320e-06,388
6.324e-06,376
6.328e-06,380
6.332e-06,372
6.336e-06,368
6.340e-06,372
6.344e-06,368
6.348e-06,372
6.352e-06,368
6.356e-06,372
6.360e-06,380
6.364e-06,372
6.368e-06,376
6.372e-06,364
6.376e-06,360
6.380e-06,360
6.384e-06,356
6.388e-06,356
6.392e-06,348
6.396e-06,328
6.400e-06,324
6.404e-06,308
6.408e-06,300
6.412e-06,292
6.416e-06,296
6.420e-06,300
6.424e-06,300
6.428e-06,308
6.432e-06,300
6.436e-06,308
6.440e-06,292
6.444e-06,280
6.448e-06,280
6.452e-06,288
6.456e-06,296
6.460e-06,312
6.464e-06,308
6.468e-06,304
6.472e-06,300
6.476e-06,276
6.480e-06,268
6.484e-06,256
6.488e-06,264
6.492e-06,260
6.496e-06,256
6.500e-06,256
6.504e-06,248
6.508e-06,248
6.512e-06,244
6.516e-06,244
6.520e-06,240
6.524e-06,244
6.528e-06,240
6.532e-06,248
6.536e-06,244
6.540e-06,244
6.544e-06,244
6.548e-06,232
6.552e-06,236
6.556e-06,232
6.560e-06,232
6.564e-06,240
6.568e-06,240
6.572e-06,236
6.576e-06,232
6.580e-06,232
6.584e-06,232
6.588e-06,232
6.592e-06,228
6.596e-06,228
6.600e-06,224
6.604e-06,216
6.608e-06,220
6.612e-06,212
6.616e-06,212
6.620e-06,212
6.624e-06,216
6.628e-06,216
6.632e-06,208
6.636e-06,208
6.640e-06,212
6.644e-06,208
6.648e-06,200
6.652e-06,188
6.656e-06,184
6.660e-06,172
6.664e-06,168
6.668e-06,168
6.672e-06,176
6.676e-06,176
6.680e-06,160
6.684e-06,152
6.688e-06,144
6.692e-06,144
6.696e-06,132
6.700e-06,128
6.704e-06,124
6.708e-06,124
6.712e-06,116
6.716e-06,120
6.720e-06,116
6.724e-06,112
6.728e-06,108
6.732e-06,96
6.736e-06,92
6.740e-06,84
6.744e-06,88
6.748e-06,84
6.752e-06,84
6.756e-06,68
6.760e-06,68
6.764e-06,60
6.768e-06,56
6.772e-06,56
6.776e-06,52
6.780e-06,44
6.784e-06,44
6.788e-06,40
6.792e-06,44
6.796e-06,44
6.800e-06,40
6.804e-06,36
6.808e-06,36
6.812e-06,28
6.816e-06,32
6.820e-06,24
6.824e-06,24
6.828e-06,24
6.832e-06,28
6.836e-06,20
6.840e-06,16
6.844e-06,16
6.848e-06,12
6.852e-06,20
6.856e-06,8
6.860e-06,12
6.864e-06,8
6.868e-06,8
6.872e-06,12
6.876e-06,16
6.880e-06,4
6.884e-06,8
6.888e-06,-4
6.892e-06,8
6.896e-06,12
6.900e-06,12
6.904e-06,12
6.908e-06,12
6.912e-06,16
6.916e-06,16
6.920e-06,12
6.924e-06,12
6.928e-06,4
6.932e-06,8
6.936e-06,0
6.940e-06,0
6.944e-06,0
6.948e-06,0
6.952e-06,0
6.956e-06,8
6.960e-06,8
6.964e-06,4
6.968e-06,12
6.972e-06,12
6.976e-06,16
6.980e-06,12
6.984e-06,8
6.988e-06,12
6.992e-06,20
6.996e-06,12
7.000e-06,16
7.004e-06,12
7.008e-06,12
7.012e-06,16
7.016e-06,16
7.020e-06,20
7.024e-06,12
7.028e-06,16
7.032e-06,8
7.036e-06,16
7.040e-06,0
7.044e-06,8
7.048e-06,12
7.052e-06,4
7.056e-06,-4
7.060e-06,4
7.064e-06,4
7.068e-06,4
7.072e-06,0
7.076e-06,0
7.080e-06,0
7.084e-06,4
7.088e-06,4
7.092e-06,-4
7.096e-06,0
7.100e-06,4
7.104e-06,8
7.108e-06,12
7.112e-06,8
7.116e-06,8
7.120e-06,12
7.124e-06,8
7.128e-06,12
7.132e-06,12
7.136e-06,12
7.140e-06,8
7.144e-06,12
7.148e-06,4
7.152e-06,0
7.156e-06,4
7.160e-06,0
7.164e-06,0
7.168e-06,0
7.172e-06,8
7.176e-06,12
7.180e-06,12
7.184e-06,8
7.188e-06,8
7.192e-06,12
7.196e-06,8
7.200e-06,8
7.204e-06,16
7.208e-06,12
7.212e-06,16
7.216e-06,16
7.220e-06,16
7.224e-06,12
7.228e-06,20
7.232e-06,16
7.236e-06,12
7.240e-06,16
7.244e-06,16
7.248e-06,24
7.252e-06,24
7.256e-06,20
7.260e-06,16
7.264e-06,20
7.268e-06,20
7.272e-06,28
7.276e-06,24
7.280e-06,24
7.284e-06,28
7.288e-06,28
7.292e-06,24
7.296e-06,20
7.300e-06,24
7.304e-06,24
7.308e-06,20
7.312e-06,24
7.316e-06,20
7.320e-06,20
7.324e-06,28
7.328e-06,16
7.332e-06,24
7.336e-06,28
7.340e-06,16
7.344e-06,16
7.348e-06,20
7.352e-06,24
7.356e-06,24
7.360e-06,24
7.364e-06,28
7.368e-06,28
7.372e-06,24
7.376e-06,32
7.380e-06,28
7.384e-06,28
7.388e-06,24
7.392e-06,32
7.396e-06,32
7.400e-06,32
7.404e-06,24
7.408e-06,24
7.412e-06,28
7.416e-06,24
7.420e-06,36
7.424e-06,28
7.428e-06,24
7.432e-06,24
7.436e-06,32
7.440e-06,24
7.444e-06,28
7.448e-06,28
7.452e-06,20
7.456e-06,20
7.460e-06,16
7.464e-06,20
7.468e-06,20
7.472e-06,20
7.476e-06,12
7.480e-06,20
7.484e-06,20
7.488e-06,12
7.492e-06,16
7.496e-06,8
7.500e-06,8
7.504e-06,8
7.508e-06,16
7.512e-06,8
7.516e-06,4
7.520e-06,12
7.524e-06,12
7.528e-06,8
7.532e-06,4
7.536e-06,12
7.540e-06,0
7.544e-06,4
7.548e-06,4
7.552e-06,4
7.556e-06,8
7.560e-06,8
7.564e-06,12
7.568e-06,4
7.572e-06,12
7.576e-06,8
7.580e-06,4
7.584e-06,12
7.588e-06,8
7.592e-06,0
7.596e-06,0
7.600e-06,4
7.604e-06,8
7.608e-06,4
7.612e-06,12
7.616e-06,4
7.620e-06,4
7.624e-06,8
7.628e-06,8
7.632e-06,8
7.636e-06,4
7.640e-06,12
7.644e-06,8
7.648e-06,4
7.652e-06,8
7.656e-06,4
7.660e-06,4
7.664e-06,4
7.668e-06,4
7.672e-06,-8
7.676e-06,0
7.680e-06,4
7.684e-06,4
7.688e-06,0
7.692e-06,8
7.696e-06,0
7.700e-06,8
7.704e-06,0
7.708e-06,4
7.712e-06,0
7.716e-06,0
7.720e-06,4
7.724e-06,8
7.728e-06,4
7.732e-06,4
7.736e-06,4
7.740e-06,8
7.744e-06,0
7.748e-06,4
7.752e-06,4
7.756e-06,-4
7.760e-06,0
7.764e-06,0
7.768e-06,4
7.772e-06,0
7.776e-06,-4
7.780e-06,4
7.784e-06,0
7.788e-06,-4
7.792e-06,0
7.796e-06,0
7.800e-06,0
7.804e-06,-4
7.808e-06,-4
7.812e-06,-4
7.816e-06,-4
7.820e-06,-4
7.824e-06,0
7.828e-06,-4
7.832e-06,0
7.836e-06,-8
7.840e-06,-4
7.844e-06,-12
7.848e-06,-8
7.852e-06,-4
7.856e-06,-4
7.860e-06,-4
7.864e-06,-12
7.868e-06,-8
7.872e-06,0
7.876e-06,-8
7.880e-06,-8
7.884e-06,-12
7.888e-06,-12
7.892e-06,-8
7.896e-06,-4
7.900e-06,-12
7.904e-06,0
7.908e-06,-4
7.912e-06,-4
7.916e-06,-4
7.920e-06,-4
7.924e-06,-4
7.928e-06,-4
7.932e-06,4
7.936e-06,-4
7.940e-06,8
7.944e-06,0
7.948e-06,0
7.952e-06,0
7.956e-06,8
7.960e-06,8
7.964e-06,4
7.968e-06,4
7.972e-06,0
7.976e-06,0
7.980e-06,4
7.984e-06,4
7.988e-06,-4
7.992e-06,4
7.996e-06,0
8.000e-06,-4
8.004e-06,0
8.008e-06,0
8.012e-06,0
8.016e-06,-4
8.020e-06,0
8.024e-06,-4
8.028e-06,-4
8.032e-06,-4
8.036e-06,-4
8.040e-06,4
8.044e-06,-8
8.048e-06,0
8.052e-06,-4
8.056e-06,-8
8.060e-06,4
8.064e-06,4
8.068e-06,4
8.072e-06,4
8.076e-06,0
8.080e-06,8
8.084e-06,0
8.088e-06,4
8.092e-06,0
8.096e-06,4
8.100e-06,0
8.104e-06,8
8.108e-06,8
8.112e-06,4
8.116e-06,-4
8.120e-06,4
8.124e-06,0
8.128e-06,0
8.132e-06,4
8.136e-06,8
8.140e-06,4
8.144e-06,8
8.148e-06,0
8.152e-06,4
8.156e-06,4
8.160e-06,0
8.164e-06,0
8.168e-06,4
8.172e-06,8
8.176e-06,4
8.180e-06,-4
8.184e-06,4
8.188e-06,0
8.192e-06,12
8.196e-06,4
8.200e-06,4
8.204e-06,4
8.208e-06,8
8.212e-06,0
8.216e-06,0
8.220e-06,0
8.224e-06,8
8.228e-06,4
8.232e-06,8
8.236e-06,-4
8.240e-06,0
8.244e-06,0
8.248e-06,4
8.252e-06,4
8.256e-06,0
8.260e-06,0
8.264e-06,0
8.268e-06,8
8.272e-06,4
8.276e-06,8
8.280e-06,0
8.284e-06,4
8.288e-06,4
8.292e-06,8
8.296e-06,8
8.300e-06,4
8.304e-06,0
8.308e-06,8
8.312e-06,0
8.316e-06,8
8.320e-06,0
8.324e-06,4
8.328e-06,8
8.332e-06,8
8.336e-06,0
8.340e-06,12
8.344e-06,4
8.348e-06,8
8.352e-06,4
8.356e-06,4
8.360e-06,12
8.364e-06,4
8.368e-06,8
8.372e-06,12
8.376e-06,4
8.380e-06,8
8.384e-06,0
8.388e-06,4
8.392e-06,0
8.396e-06,12
8.400e-06,12
8.404e-06,4
8.408e-06,0
8.412e-06,0
8.416e-06,12
8.420e-06,0
8.424e-06,-4
8.428e-06,4
8.432e-06,0
8.436e-06,4
8.440e-06,4
8.444e-06,-4
8.448e-06,0
8.452e-06,0
8.456e-06,-4
8.460e-06,0
8.464e-06,0
8.468e-06,0
8.472e-06,-4
8.476e-06,0
8.480e-06,4
8.484e-06,0
8.488e-06,-4
8.492e-06,0
8.496e-06,-4
8.500e-06,4
8.504e-06,0
8.508e-06,4
8.512e-06,4
8.516e-06,4
8.520e-06,-4
8.524e-06,-4
8.528e-06,-4
8.532e-06,0
8.536e-06,0
8.540e-06,8
8.544e-06,0
8.548e-06,8
8.552e-06,0
8.556e-06,4
8.560e-06,0
8.564e-06,-4
8.568e-06,0
8.572e-06,4
8.576e-06,0
8.580e-06,0
8.584e-06,0
8.588e-06,-8
8.592e-06,0
8.596e-06,-4
8.600e-06,0
8.604e-06,0
8.608e-06,0
8.612e-06,-8
8.616e-06,0
8.620e-06,-4
8.624e-06,-8
8.628e-06,-4
8.632e-06,0
8.636e-06,0
8.640e-06,0
8.644e-06,-8
8.648e-06,0
8.652e-06,0
8.656e-06,-4
8.660e-06,0
8.664e-06,4
8.668e-06,-4
8.672e-06,0
8.676e-06,0
8.680e-06,-4
8.684e-06,4
8.688e-06,0
8.692e-06,4
8.696e-06,-4
8.700e-06,8
8.704e-06,0
8.708e-06,-4
8.712e-06,0
8.716e-06,0
8.720e-06,0
8.724e-06,-4
8.728e-06,0
8.732e-06,4
8.736e-06,0
8.740e-06,-4
8.744e-06,0
8.748e-06,0
8.752e-06,-8
8.756e-06,0
8.760e-06,-4
8.764e-06,4
8.768e-06,0
8.772e-06,0
8.776e-06,-4
8.780e-06,-4
8.784e-06,0
8.788e-06,0
8.792e-06,0
8.796e-06,4
8.800e-06,-4
8.804e-06,0
8.808e-06,-4
8.812e-06,4
8.816e-06,-4
8.820e-06,-8
8.824e-06,-4
8.828e-06,-4
8.832e-06,-4
8.836e-06,-4
8.840e-06,0
8.844e-06,-8
8.848e-06,0
8.852e-06,0
8.856e-06,-4
8.860e-06,0
8.864e-06,0
8.868e-06,0
8.872e-06,-4
8.876e-06,0
8.880e-06,0
8.884e-06,0
8.888e-06,0
8.892e-06,4
8.896e-06,-4
8.900e-06,-4
8.904e-06,4
8.908e-06,0
8.912e-06,-4
8.916e-06,-4
8.920e-06,-4
8.924e-06,4
8.928e-06,0
8.932e-06,0
8.936e-06,0
8.940e-06,-4
8.944e-06,0
8.948e-06,0
8.952e-06,0
8.956e-06,-8
8.960e-06,4
8.964e-06,0
8.968e-06,0
8.972e-06,-12
8.976e-06,-4
8.980e-06,-4
8.984e-06,8
8.988e-06,0
8.992e-06,-4
8.996e-06,-4
9.000e-06,0
9.004e-06,-4
9.008e-06,0
9.012e-06,0
9.016e-06,4
9.020e-06,0
9.024e-06,4
9.028e-06,4
9.032e-06,0
9.036e-06,8
9.040e-06,4
9.044e-06,4
9.048e-06,0
9.052e-06,-4
9.056e-06,4
9.060e-06,4
9.064e-06,4
9.068e-06,0
9.072e-06,4
9.076e-06,4
9.080e-06,4
9.084e-06,0
9.088e-06,-4
9.092e-06,-4
9.096e-06,0
9.100e-06,4
9.104e-06,4
9.108e-06,0
9.112e-06,4
9.116e-06,-4
9.120e-06,-4
9.124e-06,0
9.128e-06,-4
9.132e-06,4
9.136e-06,0
9.140e-06,4
9.144e-06,8
9.148e-06,0
9.152e-06,4
9.156e-06,4
9.160e-06,4
9.164e-06,0
9.168e-06,0
9.172e-06,4
9.176e-06,0
9.180e-06,4
9.184e-06,0
9.188e-06,0
9.192e-06,0
9.196e-06,0
9.200e-06,0
9.204e-06,0
9.208e-06,0
9.212e-06,4
9.216e-06,8
9.220e-06,0
9.224e-06,-4
9.228e-06,-4
9.232e-06,4
9.236e-06,0
9.240e-06,8
9.244e-06,4
9.248e-06,0
9.252e-06,0
9.256e-06,0
9.260e-06,4
9.264e-06,4
9.268e-06,8
9.272e-06,8
9.276e-06,-8
9.280e-06,-4
9.284e-06,-4
9.288e-06,-4
9.292e-06,0
9.296e-06,0
9.300e-06,0
9.304e-06,4
9.308e-06,4
9.312e-06,-8
9.316e-06,-4
9.320e-06,-4
9.324e-06,-4
9.328e-06,-4
9.332e-06,-4
9.336e-06,-4
9.340e-06,-8
9.344e-06,8
9.348e-06,0
9.352e-06,4
9.356e-06,4
9.360e-06,8
9.364e-06,4
9.368e-06,0
9.372e-06,-4
9.376e-06,4
9.380e-06,4
9.384e-06,8
9.388e-06,-4
9.392e-06,0
9.396e-06,0
9.400e-06,4
9.404e-06,8
9.408e-06,-4
9.412e-06,0
9.416e-06,-4
9.420e-06,4
9.424e-06,-4
9.428e-06,-4
9.432e-06,0
9.436e-06,0
9.440e-06,0
9.444e-06,-4
9.448e-06,-4
9.452e-06,0
9.456e-06,-4
9.460e-06,0
9.464e-06,0
9.468e-06,0
9.472e-06,4
9.476e-06,0
9.480e-06,0
9.484e-06,-4
9.488e-06,0
9.492e-06,0
9.496e-06,0
9.500e-06,8
9.504e-06,4
9.508e-06,4
9.512e-06,0
9.516e-06,0
9.520e-06,0
9.524e-06,0
9.528e-06,8
9.532e-06,8
9.536e-06,4
9.540e-06,0
9.544e-06,4
9.548e-06,-4
9.552e-06,0
9.556e-06,4
9.560e-06,0
9.564e-06,0
9.568e-06,-4
9.572e-06,0
9.576e-06,-4
9.580e-06,8
9.584e-06,4
9.588e-06,0
9.592e-06,0
9.596e-06,8
9.600e-06,-4
9.604e-06,4
9.608e-06,4
9.612e-06,0
9.616e-06,-4
9.620e-06,0
9.624e-06,-4
9.628e-06,0
9.632e-06,4
9.636e-06,-4
9.640e-06,0
9.644e-06,0
9.648e-06,0
9.652e-06,0
9.656e-06,-4
9.660e-06,0
9.664e-06,-4
9.668e-06,0
9.672e-06,0
9.676e-06,-4
9.680e-06,0
9.684e-06,-4
9.688e-06,0
9.692e-06,0
9.696e-06,-4
9.700e-06,0
9.704e-06,4
9.708e-06,4
9.712e-06,4
9.716e-06,-4
9.720e-06,0
9.724e-06,-4
9.728e-06,0
9.732e-06,-4
9.736e-06,4
9.740e-06,-4
9.744e-06,0
9.748e-06,0
9.752e-06,0
9.756e-06,0
9.760e-06,0
9.764e-06,0
9.768e-06,-8
9.772e-06,0
9.776e-06,0
9.780e-06,-8
9.784e-06,-4
9.788e-06,4
9.792e-06,0
9.796e-06,0
9.800e-06,0
9.804e-06,0
9.808e-06,4
9.812e-06,0
9.816e-06,4
9.820e-06,0
9.824e-06,0
9.828e-06,0
9.832e-06,-4
9.836e-06,-8
9.840e-06,4
9.844e-06,-4
9.848e-06,0
9.852e-06,-4
9.856e-06,-4
9.860e-06,0
9.864e-06,-4
9.868e-06,4
9.872e-06,-4
9.876e-06,0
9.880e-06,0
9.884e-06,-4
9.888e-06,-4
9.892e-06,-4
9.896e-06,0
9.900e-06,0
9.904e-06,-4
9.908e-06,-4
9.912e-06,0
9.916e-06,0
9.920e-06,0
9.924e-06,0
9.928e-06,4
9.932e-06,-4
9.936e-06,-4
9.940e-06,4
9.944e-06,4
9.948e-06,4
9.952e-06,-8
9.956e-06,0
9.960e-06,0
9.964e-06,0
9.968e-06,0
9.972e-06,0
9.976e-06,-4
9.980e-06,0
9.984e-06,4
9.988e-06,-8
9.992e-06,0
9.996e-06,-4
1.0000e-05,8
1.0004e-05,0
1.0008e-05,0
1.0012e-05,0
1.0016e-05,-4
1.0020e-05,0
1.0024e-05,-4
1.0028e-05,0
1.0032e-05,0
1.0036e-05,0
1.0040e-05,0
1.0044e-05,0
1.0048e-05,0
1.0052e-05,-4
1.0056e-05,-4
1.0060e-05,0
1.0064e-05,4
1.0068e-05,-4
1.0072e-05,-4
1.0076e-05,4
1.0080e-05,-4
1.0084e-05,0
1.0088e-05,-4
1.0092e-05,-4
1.0096e-05,0
1.0100e-05,-4
1.0104e-05,-4
1.0108e-05,4
1.0112e-05,-4
1.0116e-05,4
1.0120e-05,0
1.0124e-05,-4
1.0128e-05,-4
1.0132e-05,-8
1.0136e-05,0
1.0140e-05,0
1.0144e-05,4
1.0148e-05,0
1.0152e-05,-4
1.0156e-05,12
1.0160e-05,0
1.0164e-05,-4
1.0168e-05,0
1.0172e-05,0
1.0176e-05,0
1.0180e-05,0
1.0184e-05,0
1.0188e-05,0
1.0192e-05,4
1.0196e-05,-12
1.0200e-05,-4
1.0204e-05,8
1.0208e-05,-8
1.0212e-05,0
1.0216e-05,0
1.0220e-05,-8
1.0224e-05,0
1.0228e-05,4
1.0232e-05,-4
1.0236e-05,4
1.0240e-05,0
1.0244e-05,-4
1.0248e-05,4
1.0252e-05,0
1.0256e-05,4
1.0260e-05,-4
1.0264e-05,-4
1.0268e-05,-4
1.0272e-05,-4
1.0276e-05,-4
1.0280e-05,4
1.0284e-05,0
1.0288e-05,0
1.0292e-05,0
1.0296e-05,0
1.0300e-05,-4
1.0304e-05,4
1.0308e-05,-4
1.0312e-05,-4
1.0316e-05,4
1.0320e-05,0
1.0324e-05,-4
1.0328e-05,0
1.0332e-05,-4
1.0336e-05,-4
1.0340e-05,-4
1.0344e-05,0
1.0348e-05,0
1.0352e-05,-8
1.0356e-05,-8
1.0360e-05,-4
1.0364e-05,4
1.0368e-05,0
1.0372e-05,0
1.0376e-05,0
1.0380e-05,4
1.0384e-05,-8
1.0388e-05,-4
1.0392e-05,-4
1.0396e-05,0
1.0400e-05,-4
1.0404e-05,0
1.0408e-05,-8
1.0412e-05,0
1.0416e-05,0
1.0420e-05,-4
1.0424e-05,0
1.0428e-05,4
1.0432e-05,-4
1.0436e-05,-4
1.0440e-05,-4
1.0444e-05,-4
1.0448e-05,0
1.0452e-05,-4
1.0456e-05,-4
1.0460e-05,4
1.0464e-05,-4
1.0468e-05,-4
1.0472e-05,-4
1.0476e-05,-12
1.0480e-05,0
1.0484e-05,-4
1.0488e-05,-4
1.0492e-05,8
1.0496e-05,-4
1.0500e-05,0
1.0504e-05,0
1.0508e-05,4
1.0512e-05,0
1.0516e-05,-4
1.0520e-05,-4
1.0524e-05,0
1.0528e-05,0
1.0532e-05,-4
1.0536e-05,0
1.0540e-05,-4
1.0544e-05,0
1.0548e-05,0
1.0552e-05,-4
1.0556e-05,4
1.0560e-05,0
1.0564e-05,0
1.0568e-05,-4
1.0572e-05,0
1.0576e-05,4
1.0580e-05,-4
1.0584e-05,-4
1.0588e-05,4
1.0592e-05,-8
1.0596e-05,4
1.0600e-05,-12
1.0604e-05,0
1.0608e-05,-4
1.0612e-05,0
1.0616e-05,-8
1.0620e-05,0
1.0624e-05,-12
1.0628e-05,0
1.0632e-05,0
1.0636e-05,4
1.0640e-05,0
1.0644e-05,-8
1.0648e-05,0
1.0652e-05,-4
1.0656e-05,-8
1.0660e-05,0
1.0664e-05,0
1.0668e-05,0
1.0672e-05,8
1.0676e-05,-4
1.0680e-05,0
1.0684e-05,0
1.0688e-05,-4
1.0692e-05,0
1.0696e-05,0
1.0700e-05,0
1.0704e-05,0
1.0708e-05,0
1.0712e-05,0
1.0716e-05,0
1.0720e-05,4
1.0724e-05,-4
1.0728e-05,4
1.0732e-05,0
1.0736e-05,-4
1.0740e-05,-4
1.0744e-05,0
1.0748e-05,0
1.0752e-05,0
1.0756e-05,4
1.0760e-05,-4
1.0764e-05,-8
1.0768e-05,-8
1.0772e-05,0
1.0776e-05,-4
1.0780e-05,-8
1.0784e-05,-4
1.0788e-05,0
1.0792e-05,-4
1.0796e-05,-4
1.0800e-05,0
1.0804e-05,0
1.0808e-05,-4
1.0812e-05,-4
1.0816e-05,-4
1.0820e-05,0
1.0824e-05,0
1.0828e-05,-4
1.0832e-05,0
1.0836e-05,-4
1.0840e-05,-4
1.0844e-05,0
1.0848e-05,-4
1.0852e-05,-4
1.0856e-05,-4
1.0860e-05,0
1.0864e-05,-4
1.0868e-05,-4
1.0872e-05,-4
1.0876e-05,0
1.0880e-05,-4
1.0884e-05,-8
1.0888e-05,-8
1.0892e-05,0
1.0896e-05,4
1.0900e-05,-12
1.0904e-05,0
1.0908e-05,-8
1.0912e-05,4
1.0916e-05,-4
1.0920e-05,4
1.0924e-05,0
1.0928e-05,0
1.0932e-05,0
1.0936e-05,4
1.0940e-05,-4
1.0944e-05,-4
1.0948e-05,0
1.0952e-05,0
1.0956e-05,0
1.0960e-05,-12
1.0964e-05,0
1.0968e-05,-4
1.0972e-05,0
1.0976e-05,-12
1.0980e-05,0
1.0984e-05,-8
1.0988e-05,-8
1.0992e-05,0
1.0996e-05,-8
1.1000e-05,-4
1.1004e-05,0
1.1008e-05,-4
1.1012e-05,-4
1.1016e-05,-8
1.1020e-05,-4
1.1024e-05,4
1.1028e-05,0
1.1032e-05,-8
1.1036e-05,-4
1.1040e-05,-4
1.1044e-05,-8
1.1048e-05,0
1.1052e-05,0
1.1056e-05,-4
1.1060e-05,0
1.1064e-05,-4
1.1068e-05,0
1.1072e-05,-4
1.1076e-05,-4
1.1080e-05,-8
1.1084e-05,-4
1.1088e-05,-4
1.1092e-05,-4
1.1096e-05,-4
1.1100e-05,0
1.1104e-05,-4
1.1108e-05,-4
1.1112e-05,-4
1.1116e-05,-8
1.1120e-05,-4
1.1124e-05,0
1.1128e-05,0
1.1132e-05,0
1.1136e-05,-4
1.1140e-05,0
1.1144e-05,0
1.1148e-05,0
1.1152e-05,4
1.1156e-05,-4
1.1160e-05,-4
1.1164e-05,0
1.1168e-05,0
1.1172e-05,-4
1.1176e-05,-4
1.1180e-05,-4
1.1184e-05,-4
1.1188e-05,-4
1.1192e-05,-4
1.1196e-05,-4
1.1200e-05,-4
1.1204e-05,0
1.1208e-05,-4
1.1212e-05,4
1.1216e-05,0
1.1220e-05,-8
1.1224e-05,0
1.1228e-05,0
1.1232e-05,-4
1.1236e-05,-8
1.1240e-05,-4
1.1244e-05,4
1.1248e-05,-4
1.1252e-05,4
1.1256e-05,0
1.1260e-05,-4
1.1264e-05,0
1.1268e-05,-8
1.1272e-05,-4
1.1276e-05,-4
1.1280e-05,-4
1.1284e-05,-4
1.1288e-05,-4
1.1292e-05,-8
1.1296e-05,-8
1.1300e-05,-4
1.1304e-05,0
1.1308e-05,0
1.1312e-05,0
1.1316e-05,-4
1.1320e-05,-4
1.1324e-05,0
1.1328e-05,-4
1.1332e-05,0
1.1336e-05,-4
1.1340e-05,0
1.1344e-05,-4
1.1348e-05,-4
1.1352e-05,-4
1.1356e-05,0
1.1360e-05,-4
1.1364e-05,4
1.1368e-05,-4
1.1372e-05,0
1.1376e-05,-8
1.1380e-05,-4
1.1384e-05,-4
1.1388e-05,-4
1.1392e-05,-8
1.1396e-05,-4
1.1400e-05,0
1.1404e-05,0
1.1408e-05,0
1.1412e-05,0
1.1416e-05,-4
1.1420e-05,0
1.1424e-05,-4
1.1428e-05,-8
1.1432e-05,0
1.1436e-05,0
1.1440e-05,0
1.1444e-05,0
1.1448e-05,0
1.1452e-05,-4
1.1456e-05,0
1.1460e-05,-8
1.1464e-05,-4
1.1468e-05,0
1.1472e-05,0
1.1476e-05,0
1.1480e-05,0
1.1484e-05,-4
1.1488e-05,-4
1.1492e-05,0
1.1496e-05,-8
1.1500e-05,-4
1.1504e-05,-4
1.1508e-05,4
1.1512e-05,-4
1.1516e-05,-4
1.1520e-05,0
1.1524e-05,-4
1.1528e-05,4
1.1532e-05,-4
1.1536e-05,0
1.1540e-05,-4
1.1544e-05,-4
1.1548e-05,-4
1.1552e-05,0
1.1556e-05,-8
1.1560e-05,-4
1.1564e-05,-4
1.1568e-05,0
1.1572e-05,4
1.1576e-05,-8
1.1580e-05,-4
1.1584e-05,-4
1.1588e-05,-8
1.1592e-05,0
1.1596e-05,-4
1.1600e-05,0
1.1604e-05,-4
1.1608e-05,0
1.1612e-05,0
1.1616e-05,-4
1.1620e-05,-12
1.1624e-05,0
1.1628e-05,-4
1.1632e-05,-4
1.1636e-05,4
1.1640e-05,-4
1.1644e-05,4
1.1648e-05,-4
1.1652e-05,0
1.1656e-05,-4
1.1660e-05,0
1.1664e-05,4
1.1668e-05,-4
1.1672e-05,0
1.1676e-05,-4
1.1680e-05,0
1.1684e-05,-8
1.1688e-05,0
1.1692e-05,0
1.1696e-05,0
1.1700e-05,0
1.1704e-05,0
1.1708e-05,-4
1.1712e-05,-4
1.1716e-05,-8
1.1720e-05,0
1.1724e-05,-8
1.1728e-05,0
1.1732e-05,0
1.1736e-05,0
1.1740e-05,-4
1.1744e-05,0
1.1748e-05,-8
1.1752e-05,-4
1.1756e-05,0
1.1760e-05,-8
1.1764e-05,0
1.1768e-05,-4
1.1772e-05,0
1.1776e-05,-4
1.1780e-05,0
1.1784e-05,0
1.1788e-05,-4
1.1792e-05,0
1.1796e-05,0
1.1800e-05,-4
1.1804e-05,-8
1.1808e-05,0
1.1812e-05,0
1.1816e-05,0
1.1820e-05,0
1.1824e-05,0
1.1828e-05,-4
1.1832e-05,0
1.1836e-05,4
1.1840e-05,0
1.1844e-05,-8
1.1848e-05,0
1.1852e-05,0
1.1856e-05,-4
1.1860e-05,0
1.1864e-05,4
1.1868e-05,0
1.1872e-05,-4
1.1876e-05,0
1.1880e-05,-4
1.1884e-05,-8
1.1888e-05,-4
1.1892e-05,4
1.1896e-05,0
1.1900e-05,0
1.1904e-05,-8
1.1908e-05,0
1.1912e-05,-8
1.1916e-05,-4
1.1920e-05,4
1.1924e-05,0
1.1928e-05,0
1.1932e-05,-4
1.1936e-05,-4
1.1940e-05,0
1.1944e-05,-4
1.1948e-05,0
1.1952e-05,-4
1.1956e-05,-8
1.1960e-05,0
1.1964e-05,-8
1.1968e-05,0
1.1972e-05,0
1.1976e-05,4
1.1980e-05,-4
1.1984e-05,-8
1.1988e-05,0
1.1992e-05,0
1.1996e-05,-4
1.2000e-05,0
1.2004e-05,4
1.2008e-05,4
1.2012e-05,0
1.2016e-05,-4
1.2020e-05,0
1.2024e-05,-4
1.2028e-05,0
1.2032e-05,0
1.2036e-05,-8
1.2040e-05,-4
1.2044e-05,4
1.2048e-05,0
1.2052e-05,-4
1.2056e-05,-4
1.2060e-05,-4
1.2064e-05,-4
1.2068e-05,-4
1.2072e-05,0
1.2076e-05,-4
1.2080e-05,0
1.2084e-05,-4
1.2088e-05,-4
1.2092e-05,0
1.2096e-05,0
1.2100e-05,0
1.2104e-05,-4
1.2108e-05,-8
1.2112e-05,-4
1.2116e-05,0
1.2120e-05,0
1.2124e-05,0
1.2128e-05,-4
1.2132e-05,-8
1.2136e-05,-8
1.2140e-05,0
1.2144e-05,-4
1.2148e-05,-4
1.2152e-05,0
1.2156e-05,-4
1.2160e-05,4
1.2164e-05,-4
1.2168e-05,4
1.2172e-05,0
1.2176e-05,0
1.2180e-05,-4
1.2184e-05,-4
1.2188e-05,-8
1.2192e-05,0
1.2196e-05,0
1.2200e-05,-12
1.2204e-05,-8
1.2208e-05,0
1.2212e-05,0
1.2216e-05,0
1.2220e-05,0
1.2224e-05,4
1.2228e-05,-4
1.2232e-05,0
1.2236e-05,-4
1.2240e-05,0
1.2244e-05,0
1.2248e-05,-4
1.2252e-05,-4
1.2256e-05,-4
1.2260e-05,-4
1.2264e-05,-4
1.2268e-05,4
1.2272e-05,-4
1.2276e-05,0
1.2280e-05,-4
1.2284e-05,-4
1.2288e-05,0
1.2292e-05,-4
1.2296e-05,-4
1.2300e-05,4
1.2304e-05,-4
1.2308e-05,-4
1.2312e-05,0
1.2316e-05,-4
1.2320e-05,-4
1.2324e-05,0
1.2328e-05,-4
1.2332e-05,4
1.2336e-05,-8
1.2340e-05,-4
1.2344e-05,0
1.2348e-05,-4
1.2352e-05,4
1.2356e-05,0
1.2360e-05,-8
1.2364e-05,0
1.2368e-05,-4
1.2372e-05,-4
1.2376e-05,4
1.2380e-05,0
1.2384e-05,-8
1.2388e-05,-4
1.2392e-05,0
1.2396e-05,-4
1.2400e-05,4
1.2404e-05,4
1.2408e-05,-4
1.2412e-05,-4
1.2416e-05,-4
1.2420e-05,-4
1.2424e-05,0
1.2428e-05,-4
1.2432e-05,0
1.2436e-05,-4
1.2440e-05,-4
1.2444e-05,-4
1.2448e-05,0
1.2452e-05,-4
1.2456e-05,0
1.2460e-05,4
1.2464e-05,8
1.2468e-05,0
1.2472e-05,4
1.2476e-05,0
1.2480e-05,-4
1.2484e-05,-4
1.2488e-05,-4
1.2492e-05,-12
1.2496e-05,0
1.2500e-05,0
1.2504e-05,-4
1.2508e-05,-4
1.2512e-05,-4
1.2516e-05,0
1.2520e-05,-4
1.2524e-05,0
1.2528e-05,-8
1.2532e-05,0
1.2536e-05,-4
1.2540e-05,0
1.2544e-05,-4
1.2548e-05,-8
1.2552e-05,0
1.2556e-05,0
1.2560e-05,0
1.2564e-05,-4
1.2568e-05,-4
1.2572e-05,-4
1.2576e-05,-8
1.2580e-05,-4
1.2584e-05,-4
1.2588e-05,4
1.2592e-05,0
1.2596e-05,-8
1.2600e-05,-4
1.2604e-05,-12
1.2608e-05,-4
1.2612e-05,-4
1.2616e-05,0
1.2620e-05,0
1.2624e-05,-4
1.2628e-05,0
1.2632e-05,4
1.2636e-05,-4
1.2640e-05,-4
1.2644e-05,4
1.2648e-05,-4
1.2652e-05,-4
1.2656e-05,0
1.2660e-05,0
1.2664e-05,-4
1.2668e-05,-8
1.2672e-05,-8
1.2676e-05,4
1.2680e-05,-8
1.2684e-05,-4
1.2688e-05,-8
1.2692e-05,-4
1.2696e-05,-8
1.2700e-05,0
1.2704e-05,0
1.2708e-05,0
1.2712e-05,0
1.2716e-05,8
1.2720e-05,0
1.2724e-05,-4
1.2728e-05,-4
1.2732e-05,0
1.2736e-05,0
1.2740e-05,-4
1.2744e-05,-4
1.2748e-05,-4
1.2752e-05,0
1.2756e-05,-4
1.2760e-05,-4
1.2764e-05,0
1.2768e-05,-4
1.2772e-05,-8
1.2776e-05,-4
1.2780e-05,-4
1.2784e-05,0
1.2788e-05,-4
1.2792e-05,0
1.2796e-05,0
1.2800e-05,-4
1.2804e-05,-8
1.2808e-05,0
1.2812e-05,-4
1.2816e-05,-4
1.2820e-05,0
1.2824e-05,-4
1.2828e-05,0
1.2832e-05,-4
1.2836e-05,-4
1.2840e-05,0
1.2844e-05,-4
1.2848e-05,-4
1.2852e-05,-8
1.2856e-05,0
1.2860e-05,-4
1.2864e-05,0
1.2868e-05,-8
1.2872e-05,-4
1.2876e-05,-8
1.2880e-05,0
1.2884e-05,4
1.2888e-05,-4
1.2892e-05,-4
1.2896e-05,0
1.2900e-05,-4
1.2904e-05,-8
1.2908e-05,-4
1.2912e-05,0
1.2916e-05,-8
1.2920e-05,0
1.2924e-05,-12
1.2928e-05,-4
1.2932e-05,-4
1.2936e-05,-8
1.2940e-05,0
1.2944e-05,-4
1.2948e-05,4
1.2952e-05,-4
1.2956e-05,-4
1.2960e-05,0
1.2964e-05,-4
1.2968e-05,0
1.2972e-05,-12
1.2976e-05,-4
1.2980e-05,-4
1.2984e-05,0
1.2988e-05,-4
1.2992e-05,-12
1.2996e-05,-4
1.3000e-05,-4
1.3004e-05,-4
1.3008e-05,-4
1.3012e-05,-4
1.3016e-05,-4
1.3020e-05,0
1.3024e-05,0
1.3028e-05,-8
1.3032e-05,-4
1.3036e-05,-4
1.3040e-05,-4
1.3044e-05,-4
1.3048e-05,0
1.3052e-05,-4
1.3056e-05,-4
1.3060e-05,0
1.3064e-05,-4
1.3068e-05,0
1.3072e-05,-4
1.3076e-05,-4
1.3080e-05,0
1.3084e-05,0
1.3088e-05,0
1.3092e-05,-4
1.3096e-05,0
1.3100e-05,0
1.3104e-05,0
1.3108e-05,-8
1.3112e-05,0
1.3116e-05,-8
1.3120e-05,4
1.3124e-05,0
1.3128e-05,0
1.3132e-05,-4
1.3136e-05,-4
1.3140e-05,-8
1.3144e-05,4
1.3148e-05,-4
1.3152e-05,-4
1.3156e-05,-4
1.3160e-05,-4
1.3164e-05,-4
1.3168e-05,-4
1.3172e-05,0
1.3176e-05,4
1.3180e-05,-4
1.3184e-05,0
1.3188e-05,0
1.3192e-05,-8
1.3196e-05,0
1.3200e-05,0
1.3204e-05,-4
1.3208e-05,-8
1.3212e-05,0
1.3216e-05,-4
1.3220e-05,0
1.3224e-05,-4
1.3228e-05,0
1.3232e-05,-8
1.3236e-05,-4
1.3240e-05,-4
1.3244e-05,-4
1.3248e-05,0
1.3252e-05,-4
1.3256e-05,-8
1.3260e-05,-12
1.3264e-05,-4
1.3268e-05,8
1.3272e-05,-8
1.3276e-05,0
1.3280e-05,-4
1.3284e-05,0
1.3288e-05,0
1.3292e-05,-4
1.3296e-05,-4
1.3300e-05,-4
1.3304e-05,-4
1.3308e-05,-4
1.3312e-05,-4
1.3316e-05,-8
1.3320e-05,0
1.3324e-05,-8
1.3328e-05,4
1.3332e-05,-4
1.3336e-05,-8
1.3340e-05,-8
1.3344e-05,0
1.3348e-05,8
1.3352e-05,-4
1.3356e-05,-8
1.3360e-05,-4
1.3364e-05,-4
1.3368e-05,-8
1.3372e-05,-8
1.3376e-05,-8
1.3380e-05,-4
1.3384e-05,-4
1.3388e-05,-8
1.3392e-05,-4
1.3396e-05,-4
1.3400e-05,0
1.3404e-05,-4
1.3408e-05,-8
1.3412e-05,0
1.3416e-05,-4
1.3420e-05,-4
1.3424e-05,-8
1.3428e-05,-4
1.3432e-05,0
1.3436e-05,0
1.3440e-05,-16
1.3444e-05,-8
1.3448e-05,-4
1.3452e-05,-4
1.3456e-05,0
1.3460e-05,-8
1.3464e-05,0
1.3468e-05,-12
1.3472e-05,-8
1.3476e-05,-4
1.3480e-05,-12
1.3484e-05,0
1.3488e-05,0
1.3492e-05,-4
1.3496e-05,-8
1.3500e-05,0
1.3504e-05,-4
1.3508e-05,-4
1.3512e-05,-4
1.3516e-05,-4
1.3520e-05,-4
1.3524e-05,-8
1.3528e-05,-4
1.3532e-05,0
1.3536e-05,0
1.3540e-05,-4
1.3544e-05,-4
1.3548e-05,-8
1.3552e-05,-8
1.3556e-05,-4
1.3560e-05,0
1.3564e-05,-12
1.3568e-05,-4
1.3572e-05,0
1.3576e-05,4
1.3580e-05,0
1.3584e-05,0
1.3588e-05,-4
1.3592e-05,0
1.3596e-05,-4
1.3600e-05,-4
1.3604e-05,0
1.3608e-05,-4
1.3612e-05,-8
1.3616e-05,-8
1.3620e-05,-4
1.3624e-05,-4
1.3628e-05,0
1.3632e-05,0
1.3636e-05,0
1.3640e-05,-4
1.3644e-05,-4
1.3648e-05,0
1.3652e-05,0
1.3656e-05,-8
1.3660e-05,0
1.3664e-05,-4
1.3668e-05,0
1.3672e-05,-4
1.3676e-05,0
1.3680e-05,-12
1.3684e-05,-4
1.3688e-05,-4
1.3692e-05,-4
1.3696e-05,-8
1.3700e-05,-8
1.3704e-05,-8
1.3708e-05,-8
1.3712e-05,-4
1.3716e-05,-4
1.3720e-05,-4
1.3724e-05,0
1.3728e-05,-8
1.3732e-05,-4
1.3736e-05,-8
1.3740e-05,-4
1.3744e-05,0
1.3748e-05,-4
1.3752e-05,-8
1.3756e-05,0
1.3760e-05,0
1.3764e-05,-4
1.3768e-05,0
1.3772e-05,-8
1.3776e-05,-4
1.3780e-05,0
1.3784e-05,-4
1.3788e-05,-4
1.3792e-05,-4
1.3796e-05,0
1.3800e-05,-8
1.3804e-05,-4
1.3808e-05,-4
1.3812e-05,-4
1.3816e-05,-4
1.3820e-05,0
1.3824e-05,-8
1.3828e-05,-4
1.3832e-05,0
1.3836e-05,-4
1.3840e-05,-4
1.3844e-05,-4
1.3848e-05,0
1.3852e-05,-4
1.3856e-05,-4
1.3860e-05,-4
1.3864e-05,-4
1.3868e-05,-4
1.3872e-05,-4
1.3876e-05,0
1.3880e-05,-8
1.3884e-05,0
1.3888e-05,-4
1.3892e-05,-4
1.3896e-05,-4
1.3900e-05,-4
1.3904e-05,8
1.3908e-05,0
1.3912e-05,-4
1.3916e-05,-4
1.3920e-05,-8
1.3924e-05,0
1.3928e-05,-12
1.3932e-05,-4
1.3936e-05,-4
1.3940e-05,-4
1.3944e-05,0
1.3948e-05,-8
1.3952e-05,0
1.3956e-05,-8
1.3960e-05,-8
1.3964e-05,0
1.3968e-05,-4
1.3972e-05,-8
1.3976e-05,-4
1.3980e-05,-4
1.3984e-05,0
1.3988e-05,0
1.3992e-05,-4
1.3996e-05,0
1.4000e-05,-4
1.4004e-05,-4
1.4008e-05,-4
1.4012e-05,4
1.4016e-05,-4
1.4020e-05,-8
1.4024e-05,0
1.4028e-05,-4
1.4032e-05,-4
1.4036e-05,-4
1.4040e-05,0
1.4044e-05,0
1.4048e-05,-8
1.4052e-05,-4
1.4056e-05,-4
1.4060e-05,-4
1.4064e-05,-4
1.4068e-05,-4
1.4072e-05,-4
1.4076e-05,-4
1.4080e-05,0
1.4084e-05,0
1.4088e-05,0
1.4092e-05,-4
1.4096e-05,0
1.4100e-05,-4
1.4104e-05,-4
1.4108e-05,-8
1.4112e-05,-4
1.4116e-05,-4
1.4120e-05,-8
1.4124e-05,-4
1.4128e-05,0
1.4132e-05,-4
1.4136e-05,-4
1.4140e-05,0
1.4144e-05,-4
1.4148e-05,0
1.4152e-05,-4
1.4156e-05,-4
1.4160e-05,0
1.4164e-05,-4
1.4168e-05,-8
1.4172e-05,-4
1.4176e-05,-4
1.4180e-05,-8
1.4184e-05,0
1.4188e-05,-8
1.4192e-05,-4
1.4196e-05,-4
1.4200e-05,-4
1.4204e-05,0
1.4208e-05,-4
1.4212e-05,-4
1.4216e-05,0
1.4220e-05,-8
1.4224e-05,-4
1.4228e-05,4
1.4232e-05,0
1.4236e-05,0
1.4240e-05,-4
1.4244e-05,-4
1.4248e-05,-4
1.4252e-05,-4
1.4256e-05,-4
1.4260e-05,-4
1.4264e-05,4
1.4268e-05,-4
1.4272e-05,0
1.4276e-05,-4
1.4280e-05,0
1.4284e-05,0
1.4288e-05,-4
1.4292e-05,4
1.4296e-05,-8
1.4300e-05,-4
1.4304e-05,0
1.4308e-05,4
1.4312e-05,0
1.4316e-05,0
1.4320e-05,-4
1.4324e-05,-4
1.4328e-05,-4
1.4332e-05,-8
1.4336e-05,-4
1.4340e-05,0
1.4344e-05,4
1.4348e-05,-12
1.4352e-05,-8
1.4356e-05,-8
1.4360e-05,-8
1.4364e-05,0
1.4368e-05,-4
1.4372e-05,-4
1.4376e-05,0
1.4380e-05,0
1.4384e-05,4
1.4388e-05,-8
1.4392e-05,-12
1.4396e-05,-4
1.4400e-05,-8
1.4404e-05,-8
1.4408e-05,0
1.4412e-05,-8
1.4416e-05,-4
1.4420e-05,-4
1.4424e-05,-8
1.4428e-05,4
1.4432e-05,0
1.4436e-05,4
1.4440e-05,-8
1.4444e-05,0
1.4448e-05,0
1.4452e-05,0
1.4456e-05,-4
1.4460e-05,-4
1.4464e-05,-4
1.4468e-05,0
1.4472e-05,0
1.4476e-05,0
1.4480e-05,-8
1.4484e-05,-8
1.4488e-05,-4
1.4492e-05,0
1.4496e-05,0
1.4500e-05,-4
1.4504e-05,0
1.4508e-05,-4
1.4512e-05,4
1.4516e-05,0
1.4520e-05,-4
1.4524e-05,-4
1.4528e-05,0
1.4532e-05,-8
1.4536e-05,0
1.4540e-05,-4
1.4544e-05,-4
1.4548e-05,-8
1.4552e-05,0
1.4556e-05,0
1.4560e-05,0
1.4564e-05,4
1.4568e-05,-4
1.4572e-05,-8
1.4576e-05,-8
1.4580e-05,-8
1.4584e-05,-12
1.4588e-05,-4
1.4592e-05,-8
1.4596e-05,-4
1.4600e-05,0
1.4604e-05,-4
1.4608e-05,-8
1.4612e-05,-8
1.4616e-05,-4
1.4620e-05,-4
1.4624e-05,-8
1.4628e-05,-4
1.4632e-05,0
1.4636e-05,-4
1.4640e-05,0
1.4644e-05,-4
1.4648e-05,-4
1.4652e-05,-8
1.4656e-05,0
1.4660e-05,-4
1.4664e-05,0
1.4668e-05,-4
1.4672e-05,4
1.4676e-05,0
1.4680e-05,-4
1.4684e-05,-4
1.4688e-05,-4
1.4692e-05,-8
1.4696e-05,-4
1.4700e-05,0
1.4704e-05,-4
1.4708e-05,-4
1.4712e-05,-8
1.4716e-05,0
1.4720e-05,-4
1.4724e-05,-4
1.4728e-05,0
1.4732e-05,-4
1.4736e-05,-4
1.4740e-05,-12
1.4744e-05,0
1.4748e-05,-4
1.4752e-05,0
1.4756e-05,-8
1.4760e-05,-4
1.4764e-05,-4
1.4768e-05,0
1.4772e-05,0
1.4776e-05,-4
1.4780e-05,-4
1.4784e-05,-4
1.4788e-05,-8
1.4792e-05,-4
1.4796e-05,-4
1.4800e-05,-8
1.4804e-05,-4
1.4808e-05,0
1.4812e-05,0
1.4816e-05,-4
1.4820e-05,-8
1.4824e-05,-8
1.4828e-05,-8
1.4832e-05,-8
1.4836e-05,-4
1.4840e-05,-4
1.4844e-05,-4
1.4848e-05,0
1.4852e-05,0
1.4856e-05,0
1.4860e-05,-4
1.4864e-05,0
1.4868e-05,-4
1.4872e-05,0
1.4876e-05,0
1.4880e-05,0
1.4884e-05,-8
1.4888e-05,0
1.4892e-05,-8
1.4896e-05,-4
1.4900e-05,-4
1.4904e-05,0
1.4908e-05,0
1.4912e-05,-12
1.4916e-05,-4
1.4920e-05,-4
1.4924e-05,0
1.4928e-05,-4
1.4932e-05,-8
1.4936e-05,0
1.4940e-05,-4
1.4944e-05,-8
1.4948e-05,0
1.4952e-05,-8
1.4956e-05,-8
1.4960e-05,0
1.4964e-05,-4
1.4968e-05,-4
1.4972e-05,-12
1.4976e-05,-4
1.4980e-05,0
1.4984e-05,0
1.4988e-05,-4
1.4992e-05,-4
1.4996e-05,-4
1.5000e-05,-4
1.5004e-05,-4
1.5008e-05,-4
1.5012e-05,0
1.5016e-05,-4
1.5020e-05,-4
1.5024e-05,0
1.5028e-05,-4
1.5032e-05,-4
1.5036e-05,0
1.5040e-05,0
1.5044e-05,-8
1.5048e-05,-4
1.5052e-05,-4
1.5056e-05,-8
1.5060e-05,-4
1.5064e-05,-4
1.5068e-05,-8
1.5072e-05,0
1.5076e-05,-8
1.5080e-05,0
1.5084e-05,-4
1.5088e-05,-8
1.5092e-05,-4
1.5096e-05,-12
1.5100e-05,-8
1.5104e-05,4
1.5108e-05,-4
1.5112e-05,-4
1.5116e-05,0
1.5120e-05,0
1.5124e-05,-12
1.5128e-05,0
1.5132e-05,-4
1.5136e-05,-4
1.5140e-05,-4
1.5144e-05,-4
1.5148e-05,-4
1.5152e-05,-4
1.5156e-05,0
1.5160e-05,-4
1.5164e-05,-4
1.5168e-05,-8
1.5172e-05,-4
1.5176e-05,0
1.5180e-05,-8
1.5184e-05,0
1.5188e-05,0
1.5192e-05,-8
1.5196e-05,-4
1.5200e-05,-4
1.5204e-05,-4
1.5208e-05,-4
1.5212e-05,-8
1.5216e-05,-8
1.5220e-05,0
1.5224e-05,0
1.5228e-05,-4
1.5232e-05,-12
1.5236e-05,-4
1.5240e-05,-8
1.5244e-05,-8
1.5248e-05,-8
1.5252e-05,-4
1.5256e-05,-4
1.5260e-05,-4
1.5264e-05,-4
1.5268e-05,-8
1.5272e-05,-4
1.5276e-05,-4
1.5280e-05,-4
1.5284e-05,-4
1.5288e-05,-4
1.5292e-05,-4
1.5296e-05,-8
1.5300e-05,0
1.5304e-05,-4
1.5308e-05,-4
1.5312e-05,-8
1.5316e-05,0
1.5320e-05,-8
1.5324e-05,0
1.5328e-05,-8
1.5332e-05,-8
1.5336e-05,-4
1.5340e-05,-8
1.5344e-05,0
1.5348e-05,0
1.5352e-05,-4
1.5356e-05,0
1.5360e-05,-4
1.5364e-05,-4
1.5368e-05,-8
1.5372e-05,-4
1.5376e-05,0
1.5380e-05,-8
1.5384e-05,-4
1.5388e-05,0
1.5392e-05,-4
1.5396e-05,0
1.5400e-05,-4
1.5404e-05,-4
1.5408e-05,-4
1.5412e-05,0
1.5416e-05,0
1.5420e-05,-8
1.5424e-05,-4
1.5428e-05,0
1.5432e-05,-8
1.5436e-05,0
1.5440e-05,-8
1.5444e-05,-4
1.5448e-05,0
1.5452e-05,-4
1.5456e-05,-4
1.5460e-05,-4
1.5464e-05,0
1.5468e-05,-4
1.5472e-05,-12
1.5476e-05,-4
1.5480e-05,-4
1.5484e-05,-4
1.5488e-05,-8
1.5492e-05,-4
1.5496e-05,-4
1.5500e-05,-8
1.5504e-05,0
1.5508e-05,-4
1.5512e-05,-12
1.5516e-05,0
1.5520e-05,-4
1.5524e-05,-4
1.5528e-05,0
1.5532e-05,-8
1.5536e-05,0
1.5540e-05,0
1.5544e-05,-4
1.5548e-05,-8
1.5552e-05,-8
1.5556e-05,0
1.5560e-05,-4
1.5564e-05,-4
1.5568e-05,-12
1.5572e-05,-4
1.5576e-05,-4
1.5580e-05,-4
1.5584e-05,0
1.5588e-05,-4
1.5592e-05,-4
1.5596e-05,-4
1.5600e-05,-4
1.5604e-05,-8
1.5608e-05,-8
1.5612e-05,0
1.5616e-05,-8
1.5620e-05,0
1.5624e-05,-8
1.5628e-05,-4
1.5632e-05,0
1.5636e-05,0
1.5640e-05,-4
1.5644e-05,-4
1.5648e-05,-12
1.5652e-05,-4
1.5656e-05,0
1.5660e-05,0
1.5664e-05,-4
1.5668e-05,-4
1.5672e-05,-8
1.5676e-05,0
1.5680e-05,-12
1.5684e-05,-4
1.5688e-05,0
1.5692e-05,0
1.5696e-05,-4
1.5700e-05,4
1.5704e-05,-4
1.5708e-05,0
1.5712e-05,-4
1.5716e-05,0
1.5720e-05,-4
1.5724e-05,-8
1.5728e-05,-4
1.5732e-05,-4
1.5736e-05,-4
1.5740e-05,-4
1.5744e-05,-12
1.5748e-05,-8
1.5752e-05,0
1.5756e-05,-8
1.5760e-05,-4
1.5764e-05,0
1.5768e-05,-8
1.5772e-05,-4
1.5776e-05,-4
1.5780e-05,-8
1.5784e-05,0
1.5788e-05,-4
1.5792e-05,0
1.5796e-05,0
1.5800e-05,0
1.5804e-05,0
1.5808e-05,0
1.5812e-05,-4
1.5816e-05,-8
1.5820e-05,-8
1.5824e-05,-4
1.5828e-05,-4
1.5832e-05,-8
1.5836e-05,-8
1.5840e-05,-12
1.5844e-05,0
1.5848e-05,-4
1.5852e-05,-4
1.5856e-05,-4
1.5860e-05,-4
1.5864e-05,0
1.5868e-05,-8
1.5872e-05,0
1.5876e-05,-8
1.5880e-05,-12
1.5884e-05,-4
1.5888e-05,-8
1.5892e-05,0
1.5896e-05,-4
1.5900e-05,0
1.5904e-05,-4
1.5908e-05,-4
1.5912e-05,4
1.5916e-05,0
1.5920e-05,-4
1.5924e-05,-8
1.5928e-05,-4
1.5932e-05,-8
1.5936e-05,-4
1.5940e-05,-8
1.5944e-05,0
1.5948e-05,-8
1.5952e-05,-8
1.5956e-05,-4
1.5960e-05,-8
1.5964e-05,-8
1.5968e-05,0
1.5972e-05,0
1.5976e-05,-4
1.5980e-05,-8
1.5984e-05,-12
1.5988e-05,-4
1.5992e-05,-4
1.5996e-05,-12
1.6000e-05,-4
1.6004e-05,-4
1.6008e-05,-12
1.6012e-05,-8
1.6016e-05,-4
1.6020e-05,-4
1.6024e-05,0
1.6028e-05,-4
1.6032e-05,-4
1.6036e-05,0
1.6040e-05,-4
1.6044e-05,-4
1.6048e-05,-4
1.6052e-05,0
1.6056e-05,0
1.6060e-05,-8
1.6064e-05,-4
1.6068e-05,4
1.6072e-05,-8
1.6076e-05,0
1.6080e-05,-4
1.6084e-05,0
1.6088e-05,-4
1.6092e-05,-4
1.6096e-05,-8
1.6100e-05,4
1.6104e-05,0
1.6108e-05,0
1.6112e-05,-4
1.6116e-05,-4
1.6120e-05,-8
1.6124e-05,4
1.6128e-05,-4
1.6132e-05,4
1.6136e-05,-8
1.6140e-05,4
1.6144e-05,-4
1.6148e-05,0
1.6152e-05,-8
1.6156e-05,0
1.6160e-05,-8
1.6164e-05,0
1.6168e-05,-4
1.6172e-05,-4
1.6176e-05,-8
1.6180e-05,0
1.6184e-05,0
1.6188e-05,-4
1.6192e-05,-4
1.6196e-05,-4
1.6200e-05,0
1.6204e-05,-4
1.6208e-05,0
1.6212e-05,-4
1.6216e-05,-8
1.6220e-05,-8
1.6224e-05,-8
1.6228e-05,-4
1.6232e-05,-4
1.6236e-05,-8
1.6240e-05,-4
1.6244e-05,-4
1.6248e-05,0
1.6252e-05,-4
1.6256e-05,-4
1.6260e-05,0
1.6264e-05,-8
1.6268e-05,-8
1.6272e-05,-4
1.6276e-05,-4
1.6280e-05,0
1.6284e-05,-4
1.6288e-05,-4
1.6292e-05,0
1.6296e-05,-4
1.6300e-05,-4
1.6304e-05,-8
1.6308e-05,-4
1.6312e-05,-4
1.6316e-05,-8
1.6320e-05,-4
1.6324e-05,-4
1.6328e-05,-8
1.6332e-05,-4
1.6336e-05,0
1.6340e-05,-4
1.6344e-05,0
1.6348e-05,0
1.6352e-05,-4
1.6356e-05,-8
1.6360e-05,-4
1.6364e-05,-4
1.6368e-05,-4
1.6372e-05,0
1.6376e-05,0
1.6380e-05,-12
1.6384e-05,-4
1.6388e-05,-4
1.6392e-05,-4
1.6396e-05,-4
1.6400e-05,-8
1.6404e-05,-12
1.6408e-05,0
1.6412e-05,-4
1.6416e-05,0
1.6420e-05,0
1.6424e-05,0
1.6428e-05,0
1.6432e-05,-4
1.6436e-05,-4
1.6440e-05,-4
1.6444e-05,-4
1.6448e-05,-4
1.6452e-05,-4
1.6456e-05,-4
1.6460e-05,0
1.6464e-05,-4
1.6468e-05,-8
1.6472e-05,-4
1.6476e-05,-4
1.6480e-05,0
1.6484e-05,-8
1.6488e-05,4
1.6492e-05,4
1.6496e-05,0
1.6500e-05,-8
1.6504e-05,-8
1.6508e-05,0
1.6512e-05,0
1.6516e-05,0
1.6520e-05,-4
1.6524e-05,-12
1.6528e-05,4
1.6532e-05,0
1.6536e-05,-12
1.6540e-05,-4
1.6544e-05,-4
1.6548e-05,0
1.6552e-05,0
1.6556e-05,-8
1.6560e-05,-8
1.6564e-05,-8
1.6568e-05,-4
1.6572e-05,-4
1.6576e-05,0
1.6580e-05,-4
1.6584e-05,-4
1.6588e-05,-4
1.6592e-05,-4
1.6596e-05,-4
1.6600e-05,-8
1.6604e-05,0
1.6608e-05,0
1.6612e-05,-8
1.6616e-05,-8
1.6620e-05,-4
1.6624e-05,-4
1.6628e-05,-8
1.6632e-05,-8
1.6636e-05,-4
1.6640e-05,-8
1.6644e-05,0
1.6648e-05,-4
1.6652e-05,-8
1.6656e-05,-4
1.6660e-05,-12
1.6664e-05,-4
1.6668e-05,-8
1.6672e-05,-8
1.6676e-05,0
1.6680e-05,-4
1.6684e-05,4
1.6688e-05,-4
1.6692e-05,4
1.6696e-05,-4
1.6700e-05,0
1.6704e-05,-4
1.6708e-05,-4
1.6712e-05,-4
1.6716e-05,4
1.6720e-05,-8
1.6724e-05,0
1.6728e-05,-4
1.6732e-05,-4
1.6736e-05,-4
1.6740e-05,-4
1.6744e-05,-4
1.6748e-05,-4
1.6752e-05,-4
1.6756e-05,-4
1.6760e-05,-4
1.6764e-05,0
1.6768e-05,-8
1.6772e-05,-4
1.6776e-05,0
1.6780e-05,-4
1.6784e-05,-4
1.6788e-05,-4
1.6792e-05,0
1.6796e-05,-4
1.6800e-05,0
1.6804e-05,-4
1.6808e-05,-8
1.6812e-05,-8
1.6816e-05,-8
1.6820e-05,-8
1.6824e-05,-4
1.6828e-05,-4
1.6832e-05,-4
1.6836e-05,-4
1.6840e-05,-4
1.6844e-05,0
1.6848e-05,-4
1.6852e-05,-12
1.6856e-05,0
1.6860e-05,-4
1.6864e-05,8
1.6868e-05,-4
1.6872e-05,-4
1.6876e-05,-4
1.6880e-05,0
1.6884e-05,-8
1.6888e-05,0
1.6892e-05,-8
1.6896e-05,-12
1.6900e-05,-4
1.6904e-05,-4
1.6908e-05,-4
1.6912e-05,-4
1.6916e-05,-4
1.6920e-05,-8
1.6924e-05,-4
1.6928e-05,-4
1.6932e-05,-4
1.6936e-05,-4
1.6940e-05,-4
1.6944e-05,0
1.6948e-05,0
1.6952e-05,0
1.6956e-05,-4
1.6960e-05,-8
1.6964e-05,-4
1.6968e-05,-4
1.6972e-05,-4
1.6976e-05,-4
1.6980e-05,-4
1.6984e-05,-8
1.6988e-05,-4
1.6992e-05,-4
1.6996e-05,-4
1.7000e-05,-4
1.7004e-05,-4
1.7008e-05,-4
1.7012e-05,0
1.7016e-05,-8
1.7020e-05,0
1.7024e-05,-4
1.7028e-05,-4
1.7032e-05,0
1.7036e-05,0
1.7040e-05,-4
1.7044e-05,-4
1.7048e-05,0
1.7052e-05,0
1.7056e-05,-12
1.7060e-05,-8
1.7064e-05,-4
1.7068e-05,-8
1.7072e-05,0
1.7076e-05,-4
1.7080e-05,-8
1.7084e-05,4
1.7088e-05,0
1.7092e-05,-4
1.7096e-05,-4
1.7100e-05,-4
1.7104e-05,-4
1.7108e-05,-4
1.7112e-05,-8
1.7116e-05,-4
1.7120e-05,0
1.7124e-05,-4
1.7128e-05,-4
1.7132e-05,-4
1.7136e-05,-12
1.7140e-05,-4
1.7144e-05,0
1.7148e-05,0
1.7152e-05,0
1.7156e-05,0
1.7160e-05,0
1.7164e-05,-4
1.7168e-05,-4
1.7172e-05,-4
1.7176e-05,-4
1.7180e-05,0
1.7184e-05,0
1.7188e-05,-4
1.7192e-05,-4
1.7196e-05,0
1.7200e-05,0
1.7204e-05,-4
1.7208e-05,-4
1.7212e-05,0
1.7216e-05,-8
1.7220e-05,-4
1.7224e-05,-4
1.7228e-05,-4
1.7232e-05,0
1.7236e-05,0
1.7240e-05,0
1.7244e-05,-4
1.7248e-05,0
1.7252e-05,0
1.7256e-05,-4
1.7260e-05,0
1.7264e-05,-8
1.7268e-05,-4
1.7272e-05,-4
1.7276e-05,-4
1.7280e-05,-4
1.7284e-05,-4
1.7288e-05,-4
1.7292e-05,0
1.7296e-05,-8
1.7300e-05,-4
1.7304e-05,-8
1.7308e-05,-4
1.7312e-05,-4
1.7316e-05,-4
1.7320e-05,-4
1.7324e-05,0
1.7328e-05,-8
1.7332e-05,0
1.7336e-05,-4
1.7340e-05,-4
1.7344e-05,-4
1.7348e-05,-8
1.7352e-05,-8
1.7356e-05,0
1.7360e-05,-4
1.7364e-05,-8
1.7368e-05,0
1.7372e-05,0
1.7376e-05,-4
1.7380e-05,-4
1.7384e-05,0
1.7388e-05,0
1.7392e-05,-4
1.7396e-05,0
1.7400e-05,-4
1.7404e-05,-4
1.7408e-05,-8
1.7412e-05,0
1.7416e-05,-4
1.7420e-05,-8
1.7424e-05,0
1.7428e-05,-4
1.7432e-05,-4
1.7436e-05,-8
1.7440e-05,-8
1.7444e-05,-8
1.7448e-05,-4
1.7452e-05,0
1.7456e-05,-8
1.7460e-05,-12
1.7464e-05,-4
1.7468e-05,0
1.7472e-05,-16
1.7476e-05,-4
1.7480e-05,0
1.7484e-05,0
1.7488e-05,-4
1.7492e-05,0
1.7496e-05,-4
1.7500e-05,4
1.7504e-05,-8
1.7508e-05,-8
1.7512e-05,0
1.7516e-05,-4
1.7520e-05,-4
1.7524e-05,-8
1.7528e-05,-4
1.7532e-05,-8
1.7536e-05,0
1.7540e-05,-4
1.7544e-05,-12
1.7548e-05,-8
1.7552e-05,0
1.7556e-05,-4
1.7560e-05,-4
1.7564e-05,0
1.7568e-05,-4
1.7572e-05,-4
1.7576e-05,-12
1.7580e-05,0
1.7584e-05,-4
1.7588e-05,-4
1.7592e-05,-4
1.7596e-05,0
1.7600e-05,0
1.7604e-05,-4
1.7608e-05,-4
1.7612e-05,0
1.7616e-05,-4
1.7620e-05,-8
1.7624e-05,0
1.7628e-05,0
1.7632e-05,-4
1.7636e-05,-4
1.7640e-05,-4
1.7644e-05,-8
1.7648e-05,-4
1.7652e-05,-4
1.7656e-05,-4
1.7660e-05,-4
1.7664e-05,-4
1.7668e-05,0
1.7672e-05,-4
1.7676e-05,-4
1.7680e-05,-8
1.7684e-05,-4
1.7688e-05,-12
1.7692e-05,-4
1.7696e-05,-4
1.7700e-05,-4
1.7704e-05,-4
1.7708e-05,0
1.7712e-05,-8
1.7716e-05,0
1.7720e-05,-8
1.7724e-05,-4
1.7728e-05,-8
1.7732e-05,-4
1.7736e-05,0
1.7740e-05,-4
1.7744e-05,-4
1.7748e-05,-4
1.7752e-05,-8
1.7756e-05,-4
1.7760e-05,0
1.7764e-05,0
1.7768e-05,-4
1.7772e-05,0
1.7776e-05,0
1.7780e-05,-8
1.7784e-05,-4
1.7788e-05,0
1.7792e-05,0
1.7796e-05,0
1.7800e-05,-4
1.7804e-05,-4
1.7808e-05,-4
1.7812e-05,-4
1.7816e-05,0
1.7820e-05,-4
1.7824e-05,-4
1.7828e-05,-4
1.7832e-05,-4
1.7836e-05,-12
1.7840e-05,-4
1.7844e-05,-4
1.7848e-05,-4
1.7852e-05,-4
1.7856e-05,0
1.7860e-05,-4
1.7864e-05,-8
1.7868e-05,-4
1.7872e-05,-4
1.7876e-05,-4
1.7880e-05,0
1.7884e-05,-4
1.7888e-05,0
1.7892e-05,-8
1.7896e-05,0
1.7900e-05,-8
1.7904e-05,-8
1.7908e-05,-4
1.7912e-05,-8
1.7916e-05,-4
1.7920e-05,-8
1.7924e-05,-4
1.7928e-05,-4
1.7932e-05,-8
1.7936e-05,-8
1.7940e-05,-4
1.7944e-05,-4
1.7948e-05,-4
1.7952e-05,0
1.7956e-05,4
1.7960e-05,0
1.7964e-05,-4
1.7968e-05,-4
1.7972e-05,-8
1.7976e-05,-4
1.7980e-05,0
1.7984e-05,-4
1.7988e-05,-4
1.7992e-05,-4
1.7996e-05,-8
1.8000e-05,-4
1.8004e-05,0
1.8008e-05,0
1.8012e-05,0
1.8016e-05,-4
1.8020e-05,-8
1.8024e-05,-8
1.8028e-05,-4
1.8032e-05,0
1.8036e-05,-4
1.8040e-05,-4
1.8044e-05,0
1.8048e-05,0
1.8052e-05,-8
1.8056e-05,0
1.8060e-05,-4
1.8064e-05,-12
1.8068e-05,-4
1.8072e-05,0
1.8076e-05,0
1.8080e-05,-4
1.8084e-05,0
1.8088e-05,-8
1.8092e-05,-8
1.8096e-05,-4
1.8100e-05,-8
1.8104e-05,-12
1.8108e-05,-4
1.8112e-05,0
1.8116e-05,-4
1.8120e-05,-4
1.8124e-05,-8
1.8128e-05,-4
1.8132e-05,0
1.8136e-05,-4
1.8140e-05,-8
1.8144e-05,-4
1.8148e-05,0
1.8152e-05,-4
1.8156e-05,-4
1.8160e-05,0
1.8164e-05,0
1.8168e-05,-4
1.8172e-05,-4
1.8176e-05,-4
1.8180e-05,-4
1.8184e-05,-4
1.8188e-05,0
1.8192e-05,0
1.8196e-05,-4
1.8200e-05,0
1.8204e-05,-4
1.8208e-05,-4
1.8212e-05,-4
1.8216e-05,-4
1.8220e-05,-4
1.8224e-05,-4
1.8228e-05,-4
1.8232e-05,-4
1.8236e-05,-4
1.8240e-05,-8
1.8244e-05,0
1.8248e-05,-8
1.8252e-05,-4
1.8256e-05,-8
1.8260e-05,-4
1.8264e-05,-8
1.8268e-05,-4
1.8272e-05,-4
1.8276e-05,0
1.8280e-05,-4
1.8284e-05,-4
1.8288e-05,-4
1.8292e-05,-4
1.8296e-05,4
1.8300e-05,-4
1.8304e-05,-4
1.8308e-05,0
1.8312e-05,-8
1.8316e-05,0
1.8320e-05,-4
1.8324e-05,-8
1.8328e-05,0
1.8332e-05,0
1.8336e-05,0
1.8340e-05,-8
1.8344e-05,-4
1.8348e-05,-4
1.8352e-05,-4
1.8356e-05,-4
1.8360e-05,0
1.8364e-05,0
1.8368e-05,0
1.8372e-05,-12
1.8376e-05,-8
1.8380e-05,-4
1.8384e-05,-4
1.8388e-05,0
1.8392e-05,-4
1.8396e-05,-4
1.8400e-05,-8
1.8404e-05,0
1.8408e-05,-8
1.8412e-05,0
1.8416e-05,-8
1.8420e-05,-4
1.8424e-05,-4
1.8428e-05,-4
1.8432e-05,-8
1.8436e-05,-4
1.8440e-05,-8
1.8444e-05,-4
1.8448e-05,0
1.8452e-05,-4
1.8456e-05,-4
1.8460e-05,-4
1.8464e-05,0
1.8468e-05,-4
1.8472e-05,0
1.8476e-05,0
1.8480e-05,0
1.8484e-05,-4
1.8488e-05,-4
1.8492e-05,0
1.8496e-05,0
1.8500e-05,-4
1.8504e-05,-8
1.8508e-05,0
1.8512e-05,0
1.8516e-05,-12
1.8520e-05,-4
1.8524e-05,-4
1.8528e-05,-8
1.8532e-05,-8
1.8536e-05,0
1.8540e-05,-8
1.8544e-05,0
1.8548e-05,0
1.8552e-05,-4
1.8556e-05,-8
1.8560e-05,0
1.8564e-05,-4
1.8568e-05,-4
1.8572e-05,-4
1.8576e-05,0
1.8580e-05,0
1.8584e-05,-8
1.8588e-05,-4
1.8592e-05,-4
1.8596e-05,-4
1.8600e-05,0
1.8604e-05,-4
1.8608e-05,-4
1.8612e-05,-4
1.8616e-05,-4
1.8620e-05,-4
1.8624e-05,-4
1.8628e-05,-4
1.8632e-05,-4
1.8636e-05,-8
1.8640e-05,-4
1.8644e-05,-8
1.8648e-05,-4
1.8652e-05,-4
1.8656e-05,-4
1.8660e-05,-8
1.8664e-05,-8
1.8668e-05,-4
1.8672e-05,-4
1.8676e-05,0
1.8680e-05,-4
1.8684e-05,4
1.8688e-05,-4
1.8692e-05,0
1.8696e-05,0
1.8700e-05,-8
1.8704e-05,-8
1.8708e-05,-8
1.8712e-05,-4
1.8716e-05,0
1.8720e-05,-4
1.8724e-05,-4
1.8728e-05,0
1.8732e-05,-4
1.8736e-05,-8
1.8740e-05,0
1.8744e-05,0
1.8748e-05,0
1.8752e-05,-4
1.8756e-05,4
1.8760e-05,-4
1.8764e-05,-4
1.8768e-05,-8
1.8772e-05,-4
1.8776e-05,0
1.8780e-05,0
1.8784e-05,-8
1.8788e-05,-4
1.8792e-05,0
1.8796e-05,0
1.8800e-05,-4
1.8804e-05,-4
1.8808e-05,-4
1.8812e-05,-4
1.8816e-05,-8
1.8820e-05,4
1.8824e-05,-4
1.8828e-05,-4
1.8832e-05,4
1.8836e-05,-4
1.8840e-05,-4
1.8844e-05,-8
1.8848e-05,-8
1.8852e-05,0
1.8856e-05,-4
1.8860e-05,-8
1.8864e-05,-4
1.8868e-05,0
1.8872e-05,0
1.8876e-05,0
1.8880e-05,0
1.8884e-05,-4
1.8888e-05,-4
1.8892e-05,-8
1.8896e-05,-4
1.8900e-05,-4
1.8904e-05,-8
1.8908e-05,-4
1.8912e-05,0
1.8916e-05,-4
1.8920e-05,-4
1.8924e-05,-8
1.8928e-05,-4
1.8932e-05,-8
1.8936e-05,0
1.8940e-05,-4
1.8944e-05,0
1.8948e-05,0
1.8952e-05,-4
1.8956e-05,-8
1.8960e-05,-4
1.8964e-05,-4
1.8968e-05,0
1.8972e-05,0
1.8976e-05,4
1.8980e-05,-4
1.8984e-05,0
1.8988e-05,-4
1.8992e-05,-4
1.8996e-05,0
1.9000e-05,-4
1.9004e-05,-4
1.9008e-05,-8
1.9012e-05,-8
1.9016e-05,-4
1.9020e-05,0
1.9024e-05,-4
1.9028e-05,-4
1.9032e-05,0
1.9036e-05,-4
1.9040e-05,-4
1.9044e-05,-4
1.9048e-05,-4
1.9052e-05,-4
1.9056e-05,-4
1.9060e-05,-8
1.9064e-05,0
1.9068e-05,-4
1.9072e-05,-4
1.9076e-05,-8
1.9080e-05,-4
1.9084e-05,-4
1.9088e-05,-4
1.9092e-05,-8
1.9096e-05,-4
1.9100e-05,-4
1.9104e-05,-12
1.9108e-05,-4
1.9112e-05,4
1.9116e-05,-4
1.9120e-05,-4
1.9124e-05,0
1.9128e-05,-4
1.9132e-05,-4
1.9136e-05,0
1.9140e-05,-8
1.9144e-05,-4
1.9148e-05,-4
1.9152e-05,-4
1.9156e-05,-4
1.9160e-05,-4
1.9164e-05,-4
1.9168e-05,0
1.9172e-05,-4
1.9176e-05,-4
1.9180e-05,-4
1.9184e-05,-4
1.9188e-05,-4
1.9192e-05,-4
1.9196e-05,-8
1.9200e-05,-4
1.9204e-05,-4
1.9208e-05,-8
1.9212e-05,-8
1.9216e-05,0
1.9220e-05,0
1.9224e-05,-8
1.9228e-05,0
1.9232e-05,-4
1.9236e-05,-8
1.9240e-05,0
1.9244e-05,-8
1.9248e-05,-4
1.9252e-05,4
1.9256e-05,0
1.9260e-05,0
1.9264e-05,-4
1.9268e-05,-8
1.9272e-05,-4
1.9276e-05,0
1.9280e-05,0
1.9284e-05,-4
1.9288e-05,-4
1.9292e-05,-8
1.9296e-05,-4
1.9300e-05,0
1.9304e-05,4
1.9308e-05,0
1.9312e-05,-8
1.9316e-05,-4
1.9320e-05,-4
1.9324e-05,4
1.9328e-05,-4
1.9332e-05,-12
1.9336e-05,0
1.9340e-05,0
1.9344e-05,-4
1.9348e-05,-4
1.9352e-05,0
1.9356e-05,0
1.9360e-05,-4
1.9364e-05,4
1.9368e-05,-8
1.9372e-05,-4
1.9376e-05,0
1.9380e-05,-4
1.9384e-05,-4
1.9388e-05,4
1.9392e-05,-8
1.9396e-05,0
1.9400e-05,-4
1.9404e-05,-8
1.9408e-05,-4
1.9412e-05,-4
1.9416e-05,-8
1.9420e-05,-4
1.9424e-05,0
1.9428e-05,0
1.9432e-05,0
1.9436e-05,-8
1.9440e-05,-4
1.9444e-05,-8
1.9448e-05,-4
1.9452e-05,0
1.9456e-05,0
1.9460e-05,-8
1.9464e-05,0
1.9468e-05,0
1.9472e-05,-4
1.9476e-05,-4
1.9480e-05,0
1.9484e-05,-4
1.9488e-05,0
1.9492e-05,-4
1.9496e-05,-4
1.9500e-05,-4
1.9504e-05,0
1.9508e-05,-12
1.9512e-05,-4
1.9516e-05,-4
1.9520e-05,4
1.9524e-05,-4
1.9528e-05,-4
1.9532e-05,-8
1.9536e-05,-8
1.9540e-05,-8
1.9544e-05,-4
1.9548e-05,-4
1.9552e-05,0
1.9556e-05,-4
1.9560e-05,-4
1.9564e-05,-4
1.9568e-05,-4
1.9572e-05,-4
1.9576e-05,-4
1.9580e-05,-8
1.9584e-05,-4
1.9588e-05,0
1.9592e-05,0
1.9596e-05,0
1.9600e-05,4
1.9604e-05,-8
1.9608e-05,0
1.9612e-05,0
1.9616e-05,0
1.9620e-05,-4
1.9624e-05,0
1.9628e-05,0
1.9632e-05,0
1.9636e-05,4
1.9640e-05,-4
1.9644e-05,-8
1.9648e-05,-4
1.9652e-05,-4
1.9656e-05,-8
1.9660e-05,-4
1.9664e-05,0
1.9668e-05,0
1.9672e-05,-4
1.9676e-05,-4
1.9680e-05,4
1.9684e-05,-4
1.9688e-05,-4
1.9692e-05,0
1.9696e-05,0
1.9700e-05,-4
1.9704e-05,0
1.9708e-05,-4
1.9712e-05,-4
1.9716e-05,-4
1.9720e-05,4
1.9724e-05,-4
1.9728e-05,0
1.9732e-05,0
1.9736e-05,-8
1.9740e-05,-8
1.9744e-05,-8
1.9748e-05,0
1.9752e-05,0
1.9756e-05,0
1.9760e-05,-4
1.9764e-05,-8
1.9768e-05,0
1.9772e-05,-4
1.9776e-05,0
1.9780e-05,-4
1.9784e-05,-4
1.9788e-05,0
1.9792e-05,-4
1.9796e-05,-8
1.9800e-05,4
1.9804e-05,-4
1.9808e-05,-8
1.9812e-05,-4
1.9816e-05,0
1.9820e-05,0
1.9824e-05,-12
1.9828e-05,0
1.9832e-05,0
1.9836e-05,-8
1.9840e-05,-12
1.9844e-05,0
1.9848e-05,0
1.9852e-05,0
1.9856e-05,0
1.9860e-05,-12
1.9864e-05,-4
1.9868e-05,-4
1.9872e-05,-4
1.9876e-05,-8
1.9880e-05,-4
1.9884e-05,-4
1.9888e-05,0
1.9892e-05,-4
1.9896e-05,-12
1.9900e-05,-4
1.9904e-05,0
1.9908e-05,0
1.9912e-05,-8
1.9916e-05,-4
1.9920e-05,-4
1.9924e-05,0
1.9928e-05,-4
1.9932e-05,-8
1.9936e-05,-4
1.9940e-05,-4
1.9944e-05,-4
1.9948e-05,0
1.9952e-05,8
1.9956e-05,-4
1.9960e-05,4
1.9964e-05,0
1.9968e-05,-8
1.9972e-05,-4
1.9976e-05,-4
1.9980e-05,-4
1.9984e-05,0
1.9988e-05,-4
1.9992e-05,-4
1.9996e-05,-8
2.0000e-05,4
2.0004e-05,-4
2.0008e-05,-4
2.0012e-05,0
2.0016e-05,-4
2.0020e-05,0
2.0024e-05,-4
2.0028e-05,-4
2.0032e-05,0
2.0036e-05,-4
2.0040e-05,0
2.0044e-05,0
2.0048e-05,0
2.0052e-05,0
2.0056e-05,0
2.0060e-05,-4
2.0064e-05,4
2.0068e-05,0
2.0072e-05,-4
2.0076e-05,0
2.0080e-05,-4
2.0084e-05,-4
2.0088e-05,0
2.0092e-05,-4
2.0096e-05,0
2.0100e-05,4
2.0104e-05,0
2.0108e-05,-8
2.0112e-05,0
2.0116e-05,-4
2.0120e-05,-4
2.0124e-05,-4
2.0128e-05,8
2.0132e-05,-4
2.0136e-05,0
2.0140e-05,-4
2.0144e-05,0
2.0148e-05,0
2.0152e-05,0
2.0156e-05,-4
2.0160e-05,-4
2.0164e-05,0
2.0168e-05,-4
2.0172e-05,-8
2.0176e-05,-8
2.0180e-05,-4
2.0184e-05,-4
2.0188e-05,-4
2.0192e-05,-8
2.0196e-05,-4
2.0200e-05,-4
2.0204e-05,0
2.0208e-05,-4
2.0212e-05,-8
2.0216e-05,-4
2.0220e-05,-8
2.0224e-05,-4
2.0228e-05,-4
2.0232e-05,-12
2.0236e-05,-4
2.0240e-05,0
2.0244e-05,0
2.0248e-05,0
2.0252e-05,-12
2.0256e-05,-4
2.0260e-05,-4
2.0264e-05,0
2.0268e-05,-8
2.0272e-05,0
2.0276e-05,-4
2.0280e-05,0
2.0284e-05,0
2.0288e-05,-4
2.0292e-05,0
2.0296e-05,-8
2.0300e-05,-8
2.0304e-05,0
2.0308e-05,-8
2.0312e-05,-4
2.0316e-05,-8
2.0320e-05,-4
2.0324e-05,-4
2.0328e-05,-4
2.0332e-05,0
2.0336e-05,0
2.0340e-05,-8
2.0344e-05,-4
2.0348e-05,-4
2.0352e-05,-4
2.0356e-05,-4
2.0360e-05,0
2.0364e-05,0
2.0368e-05,0
2.0372e-05,-4
2.0376e-05,-8
2.0380e-05,4
2.0384e-05,0
2.0388e-05,-4
2.0392e-05,-4
2.0396e-05,-4
2.0400e-05,-8
2.0404e-05,0
2.0408e-05,-12
2.0412e-05,-4
2.0416e-05,-8
2.0420e-05,0
2.0424e-05,4
2.0428e-05,-8
2.0432e-05,-4
2.0436e-05,-4
2.0440e-05,-12
2.0444e-05,-4
2.0448e-05,-4
2.0452e-05,-4
2.0456e-05,-4
2.0460e-05,-8
2.0464e-05,0
2.0468e-05,0
2.0472e-05,-4
2.0476e-05,0
2.0480e-05,-4
2.0484e-05,4
2.0488e-05,-4
2.0492e-05,-4
2.0496e-05,0
2.0500e-05,-8
2.0504e-05,0
2.0508e-05,-8
2.0512e-05,-8
2.0516e-05,-8
2.0520e-05,0
2.0524e-05,-4
2.0528e-05,0
2.0532e-05,-8
2.0536e-05,0
2.0540e-05,0
2.0544e-05,0
2.0548e-05,-4
2.0552e-05,-8
2.0556e-05,-8
2.0560e-05,0
2.0564e-05,-8
2.0568e-05,-4
2.0572e-05,0
2.0576e-05,0
2.0580e-05,-4
2.0584e-05,0
2.0588e-05,0
2.0592e-05,-4
2.0596e-05,0
2.0600e-05,-4
2.0604e-05,-4
2.0608e-05,-8
2.0612e-05,0
2.0616e-05,-8
2.0620e-05,4
2.0624e-05,0
2.0628e-05,-4
2.0632e-05,-4
2.0636e-05,-4
2.0640e-05,0
2.0644e-05,-4
2.0648e-05,-4
2.0652e-05,-8
2.0656e-05,-8
2.0660e-05,4
2.0664e-05,-8
2.0668e-05,-12
2.0672e-05,0
2.0676e-05,-4
2.0680e-05,-4
2.0684e-05,-4
2.0688e-05,-4
2.0692e-05,0
2.0696e-05,-4
2.0700e-05,-4
2.0704e-05,-4
2.0708e-05,-4
2.0712e-05,-4
2.0716e-05,-4
2.0720e-05,4
2.0724e-05,-8
2.0728e-05,-4
2.0732e-05,-4
2.0736e-05,-4
2.0740e-05,-4
2.0744e-05,0
2.0748e-05,4
2.0752e-05,-4
2.0756e-05,-4
2.0760e-05,-4
2.0764e-05,0
2.0768e-05,-4
2.0772e-05,-8
2.0776e-05,-4
2.0780e-05,0
2.0784e-05,-4
2.0788e-05,-12
2.0792e-05,-4
2.0796e-05,4
2.0800e-05,-4
2.0804e-05,-4
2.0808e-05,0
2.0812e-05,-4
2.0816e-05,0
2.0820e-05,4
2.0824e-05,-4
2.0828e-05,0
2.0832e-05,-12
2.0836e-05,0
2.0840e-05,0
2.0844e-05,0
2.0848e-05,-4
2.0852e-05,4
2.0856e-05,4
2.0860e-05,0
2.0864e-05,4
2.0868e-05,-4
2.0872e-05,0
2.0876e-05,-4
2.0880e-05,-4
2.0884e-05,-4
2.0888e-05,-8
2.0892e-05,-4
2.0896e-05,-12
2.0900e-05,-4
2.0904e-05,0
2.0908e-05,-4
2.0912e-05,-4
2.0916e-05,-4
2.0920e-05,-8
2.0924e-05,0
2.0928e-05,-8
2.0932e-05,-8
2.0936e-05,0
2.0940e-05,-4
2.0944e-05,-4
2.0948e-05,-8
2.0952e-05,-4
2.0956e-05,-4
2.0960e-05,-4
2.0964e-05,-4
2.0968e-05,0
2.0972e-05,-4
2.0976e-05,0
2.0980e-05,-4
2.0984e-05,-8
2.0988e-05,-4
2.0992e-05,0
2.0996e-05,0
2.1000e-05,-4
2.1004e-05,0
2.1008e-05,0
2.1012e-05,-12
2.1016e-05,-4
2.1020e-05,-4
2.1024e-05,0
2.1028e-05,-4
2.1032e-05,-8
2.1036e-05,-4
2.1040e-05,-8
2.1044e-05,0
2.1048e-05,0
2.1052e-05,-8
2.1056e-05,-8
2.1060e-05,-4
2.1064e-05,0
2.1068e-05,0
2.1072e-05,0
2.1076e-05,-4
2.1080e-05,-8
2.1084e-05,0
2.1088e-05,0
2.1092e-05,-4
2.1096e-05,0
2.1100e-05,-8
2.1104e-05,-4
2.1108e-05,-4
2.1112e-05,-4
2.1116e-05,-4
2.1120e-05,-4
2.1124e-05,-4
2.1128e-05,-4
2.1132e-05,0
2.1136e-05,-8
2.1140e-05,-8
2.1144e-05,-4
2.1148e-05,0
2.1152e-05,-4
2.1156e-05,0
2.1160e-05,0
2.1164e-05,-4
2.1168e-05,8
2.1172e-05,-4
2.1176e-05,0
2.1180e-05,0
2.1184e-05,-4
2.1188e-05,-8
2.1192e-05,-4
2.1196e-05,-8
2.1200e-05,-4
2.1204e-05,-8
2.1208e-05,0
2.1212e-05,4
2.1216e-05,-8
2.1220e-05,-4
2.1224e-05,0
2.1228e-05,-4
2.1232e-05,-8
2.1236e-05,0
2.1240e-05,4
2.1244e-05,-8
2.1248e-05,0
2.1252e-05,0
2.1256e-05,4
2.1260e-05,-4
2.1264e-05,-4
2.1268e-05,0
2.1272e-05,-4
2.1276e-05,0
2.1280e-05,-4
2.1284e-05,-4
2.1288e-05,-4
2.1292e-05,4
2.1296e-05,-8
2.1300e-05,-4
2.1304e-05,-4
2.1308e-05,0
2.1312e-05,-4
2.1316e-05,-4
2.1320e-05,0
2.1324e-05,-8
2.1328e-05,-4
2.1332e-05,0
2.1336e-05,0
2.1340e-05,0
2.1344e-05,0
2.1348e-05,0
2.1352e-05,4
2.1356e-05,-4
2.1360e-05,-8
2.1364e-05,-4
2.1368e-05,0
2.1372e-05,-4
2.1376e-05,0
2.1380e-05,-4
2.1384e-05,0
2.1388e-05,0
2.1392e-05,-4
2.1396e-05,-8
2.1400e-05,-8
2.1404e-05,-4
2.1408e-05,0
2.1412e-05,-4
2.1416e-05,0
2.1420e-05,0
2.1424e-05,-4
2.1428e-05,0
2.1432e-05,0
2.1436e-05,0
2.1440e-05,-4
2.1444e-05,4
2.1448e-05,-4
2.1452e-05,-4
2.1456e-05,-4
2.1460e-05,4
2.1464e-05,0
2.1468e-05,0
2.1472e-05,0
2.1476e-05,0
2.1480e-05,0
2.1484e-05,4
2.1488e-05,0
2.1492e-05,-4
2.1496e-05,-4
2.1500e-05,0
2.1504e-05,0
2.1508e-05,0
2.1512e-05,-4
2.1516e-05,-4
2.1520e-05,-4
2.1524e-05,4
2.1528e-05,-4
2.1532e-05,0
2.1536e-05,-4
2.1540e-05,-4
2.1544e-05,-4
2.1548e-05,0
2.1552e-05,0
2.1556e-05,0
2.1560e-05,0
2.1564e-05,-4
2.1568e-05,0
2.1572e-05,-12
2.1576e-05,-4
2.1580e-05,-16
2.1584e-05,0
2.1588e-05,0
2.1592e-05,0
2.1596e-05,0
2.1600e-05,-4
2.1604e-05,-4
2.1608e-05,0
2.1612e-05,0
2.1616e-05,-4
2.1620e-05,-4
2.1624e-05,0
2.1628e-05,-4
2.1632e-05,0
2.1636e-05,-4
2.1640e-05,-8
2.1644e-05,0
2.1648e-05,0
2.1652e-05,0
2.1656e-05,-4
2.1660e-05,-4
2.1664e-05,-4
2.1668e-05,-4
2.1672e-05,0
2.1676e-05,-4
2.1680e-05,0
2.1684e-05,-4
2.1688e-05,0
2.1692e-05,-4
2.1696e-05,0
2.1700e-05,-4
2.1704e-05,4
2.1708e-05,-8
2.1712e-05,0
2.1716e-05,0
2.1720e-05,4
2.1724e-05,-8
2.1728e-05,-8
2.1732e-05,0
2.1736e-05,-8
2.1740e-05,-4
2.1744e-05,0
2.1748e-05,-4
2.1752e-05,0
2.1756e-05,4
2.1760e-05,4
2.1764e-05,-4
2.1768e-05,0
2.1772e-05,0
2.1776e-05,-4
2.1780e-05,-8
2.1784e-05,0
2.1788e-05,-4
2.1792e-05,0
2.1796e-05,-4
2.1800e-05,0
2.1804e-05,-8
2.1808e-05,-4
2.1812e-05,0
2.1816e-05,0
2.1820e-05,0
2.1824e-05,0
2.1828e-05,-4
2.1832e-05,-8
2.1836e-05,0
2.1840e-05,0
2.1844e-05,-4
2.1848e-05,-4
2.1852e-05,-12
2.1856e-05,0
2.1860e-05,-4
2.1864e-05,-4
2.1868e-05,0
2.1872e-05,-4
2.1876e-05,-4
2.1880e-05,-4
2.1884e-05,4
2.1888e-05,-4
2.1892e-05,0
2.1896e-05,0
2.1900e-05,-4
2.1904e-05,-4
2.1908e-05,4
2.1912e-05,-4
2.1916e-05,0
2.1920e-05,-4
2.1924e-05,-4
2.1928e-05,0
2.1932e-05,0
2.1936e-05,-4
2.1940e-05,0
2.1944e-05,0
2.1948e-05,-4
2.1952e-05,0
2.1956e-05,0
2.1960e-05,-4
2.1964e-05,0
2.1968e-05,0
2.1972e-05,0
2.1976e-05,-4
2.1980e-05,0
2.1984e-05,-8
2.1988e-05,4
2.1992e-05,0
2.1996e-05,0
2.2000e-05,0
2.2004e-05,-8
2.2008e-05,-4
2.2012e-05,0
2.2016e-05,-8
2.2020e-05,0
2.2024e-05,-12
2.2028e-05,0
2.2032e-05,0
2.2036e-05,0
2.2040e-05,0
2.2044e-05,-4
2.2048e-05,0
2.2052e-05,-4
2.2056e-05,0
2.2060e-05,-8
2.2064e-05,-4
2.2068e-05,0
2.2072e-05,4
2.2076e-05,-8
2.2080e-05,4
2.2084e-05,0
2.2088e-05,-4
2.2092e-05,-4
2.2096e-05,0
2.2100e-05,0
2.2104e-05,0
2.2108e-05,0
2.2112e-05,-4
2.2116e-05,0
2.2120e-05,-8
2.2124e-05,4
2.2128e-05,0
2.2132e-05,-4
2.2136e-05,-4
2.2140e-05,0
2.2144e-05,0
2.2148e-05,0
2.2152e-05,0
2.2156e-05,-4
2.2160e-05,4
2.2164e-05,0
2.2168e-05,0
2.2172e-05,0
2.2176e-05,0
2.2180e-05,-4
2.2184e-05,0
2.2188e-05,0
2.2192e-05,-4
2.2196e-05,-12
2.2200e-05,4
2.2204e-05,0
2.2208e-05,4
2.2212e-05,-8
2.2216e-05,-4
2.2220e-05,-4
2.2224e-05,8
2.2228e-05,-4
2.2232e-05,-4
2.2236e-05,0
2.2240e-05,0
2.2244e-05,-8
2.2248e-05,-4
2.2252e-05,-4
2.2256e-05,-4
2.2260e-05,4
2.2264e-05,-4
2.2268e-05,-8
2.2272e-05,0
2.2276e-05,0
2.2280e-05,0
2.2284e-05,-4
2.2288e-05,0
2.2292e-05,-8
2.2296e-05,-4
2.2300e-05,-4
2.2304e-05,-4
2.2308e-05,0
2.2312e-05,-8
2.2316e-05,0
2.2320e-05,0
2.2324e-05,-4
2.2328e-05,-4
2.2332e-05,0
2.2336e-05,0
2.2340e-05,4
2.2344e-05,-4
2.2348e-05,0
2.2352e-05,-4
2.2356e-05,-4
2.2360e-05,-4
2.2364e-05,4
2.2368e-05,0
2.2372e-05,-4
2.2376e-05,0
2.2380e-05,0
2.2384e-05,8
2.2388e-05,-4
2.2392e-05,-4
2.2396e-05,-4
2.2400e-05,-4
2.2404e-05,-4
2.2408e-05,-4
2.2412e-05,0
2.2416e-05,0
2.2420e-05,0
2.2424e-05,-4
2.2428e-05,4
2.2432e-05,-4
2.2436e-05,-4
2.2440e-05,0
2.2444e-05,-4
2.2448e-05,-4
2.2452e-05,0
2.2456e-05,0
2.2460e-05,0
2.2464e-05,-8
2.2468e-05,-8
2.2472e-05,-4
2.2476e-05,0
2.2480e-05,0
2.2484e-05,0
2.2488e-05,0
2.2492e-05,0
2.2496e-05,0
2.2500e-05,0
2.2504e-05,-4
2.2508e-05,4
2.2512e-05,4
2.2516e-05,0
2.2520e-05,0
2.2524e-05,-8
2.2528e-05,0
2.2532e-05,0
2.2536e-05,-4
2.2540e-05,-4
2.2544e-05,0
2.2548e-05,4
2.2552e-05,-4
2.2556e-05,-8
2.2560e-05,-4
2.2564e-05,0
2.2568e-05,0
2.2572e-05,-4
2.2576e-05,-4
2.2580e-05,-4
2.2584e-05,0
2.2588e-05,0
2.2592e-05,-8
2.2596e-05,0
2.2600e-05,-4
2.2604e-05,0
2.2608e-05,0
2.2612e-05,0
2.2616e-05,-8
2.2620e-05,0
2.2624e-05,0
2.2628e-05,-8
2.2632e-05,0
2.2636e-05,0
2.2640e-05,0
2.2644e-05,-4
2.2648e-05,8
2.2652e-05,0
2.2656e-05,-4
2.2660e-05,0
2.2664e-05,-8
2.2668e-05,-4
2.2672e-05,-4
2.2676e-05,-4
2.2680e-05,0
2.2684e-05,-4
2.2688e-05,0
2.2692e-05,-4
2.2696e-05,-8
2.2700e-05,0
2.2704e-05,0
2.2708e-05,0
2.2712e-05,-4
2.2716e-05,-4
2.2720e-05,4
2.2724e-05,0
2.2728e-05,0
2.2732e-05,0
2.2736e-05,-4
2.2740e-05,4
2.2744e-05,-4
2.2748e-05,-8
2.2752e-05,0
2.2756e-05,-4
2.2760e-05,0
2.2764e-05,0
2.2768e-05,-4
2.2772e-05,-8
2.2776e-05,0
2.2780e-05,-4
2.2784e-05,0
2.2788e-05,0
2.2792e-05,0
2.2796e-05,0
2.2800e-05,-8
2.2804e-05,-4
2.2808e-05,-8
2.2812e-05,0
2.2816e-05,4
2.2820e-05,-4
2.2824e-05,-4
2.2828e-05,0
2.2832e-05,-4
2.2836e-05,0
2.2840e-05,-4
2.2844e-05,0
2.2848e-05,-4
2.2852e-05,4
2.2856e-05,-8
2.2860e-05,4
2.2864e-05,0
2.2868e-05,-4
2.2872e-05,0
2.2876e-05,4
2.2880e-05,-8
2.2884e-05,0
2.2888e-05,-4
2.2892e-05,0
2.2896e-05,0
2.2900e-05,0
2.2904e-05,4
2.2908e-05,0
2.2912e-05,-4
2.2916e-05,-4
2.2920e-05,-4
2.2924e-05,8
2.2928e-05,0
2.2932e-05,4
2.2936e-05,0
2.2940e-05,-4
2.2944e-05,0
2.2948e-05,0
2.2952e-05,4
2.2956e-05,-4
2.2960e-05,0
2.2964e-05,4
2.2968e-05,0
2.2972e-05,0
2.2976e-05,0
2.2980e-05,-4
2.2984e-05,-4
2.2988e-05,-4
2.2992e-05,0
2.2996e-05,4
2.3000e-05,0
2.3004e-05,-8
2.3008e-05,0
2.3012e-05,-4
2.3016e-05,-4
2.3020e-05,-4
2.3024e-05,0
2.3028e-05,-4
2.3032e-05,4
2.3036e-05,4
2.3040e-05,4
2.3044e-05,0
2.3048e-05,-8
2.3052e-05,0
2.3056e-05,4
2.3060e-05,0
2.3064e-05,-4
2.3068e-05,-4
2.3072e-05,0
2.3076e-05,-4
2.3080e-05,0
2.3084e-05,4
2.3088e-05,0
2.3092e-05,-4
2.3096e-05,0
2.3100e-05,4
2.3104e-05,0
2.3108e-05,0
2.3112e-05,-4
2.3116e-05,0
2.3120e-05,4
2.3124e-05,0
2.3128e-05,0
2.3132e-05,-8
2.3136e-05,0
2.3140e-05,-4
2.3144e-05,0
2.3148e-05,-4
2.3152e-05,0
2.3156e-05,0
2.3160e-05,-4
2.3164e-05,0
2.3168e-05,0
2.3172e-05,-4
2.3176e-05,-8
2.3180e-05,0
2.3184e-05,0
2.3188e-05,0
2.3192e-05,0
2.3196e-05,0
2.3200e-05,8
2.3204e-05,-4
2.3208e-05,0
2.3212e-05,0
2.3216e-05,0
2.3220e-05,0
2.3224e-05,-4
2.3228e-05,4
2.3232e-05,8
2.3236e-05,0
2.3240e-05,-4
2.3244e-05,-4
2.3248e-05,-4
2.3252e-05,-4
2.3256e-05,-4
2.3260e-05,-4
2.3264e-05,-4
2.3268e-05,-4
2.3272e-05,-4
2.3276e-05,0
2.3280e-05,-4
2.3284e-05,0
2.3288e-05,0
2.3292e-05,-4
2.3296e-05,0
2.3300e-05,-4
2.3304e-05,0
2.3308e-05,4
2.3312e-05,0
2.3316e-05,-4
2.3320e-05,0
2.3324e-05,-4
2.3328e-05,-4
2.3332e-05,-4
2.3336e-05,0
2.3340e-05,0
2.3344e-05,-4
2.3348e-05,-4
2.3352e-05,0
2.3356e-05,-4
2.3360e-05,-4
2.3364e-05,0
2.3368e-05,0
2.3372e-05,0
2.3376e-05,0
2.3380e-05,0
2.3384e-05,-8
2.3388e-05,-4
2.3392e-05,-4
2.3396e-05,-4
2.3400e-05,-8
2.3404e-05,0
2.3408e-05,0
2.3412e-05,-4
2.3416e-05,0
2.3420e-05,0
2.3424e-05,0
2.3428e-05,-4
2.3432e-05,-4
2.3436e-05,-8
2.3440e-05,-4
2.3444e-05,-8
2.3448e-05,0
2.3452e-05,0
2.3456e-05,4
2.3460e-05,0
2.3464e-05,0
2.3468e-05,0
2.3472e-05,-4
2.3476e-05,0
2.3480e-05,-4
2.3484e-05,0
2.3488e-05,0
2.3492e-05,4
2.3496e-05,4
2.3500e-05,4
2.3504e-05,4
2.3508e-05,-4
2.3512e-05,-4
2.3516e-05,0
2.3520e-05,0
2.3524e-05,8
2.3528e-05,0
2.3532e-05,4
2.3536e-05,0
2.3540e-05,-4
2.3544e-05,0
2.3548e-05,0
2.3552e-05,-4
2.3556e-05,-4
2.3560e-05,-4
2.3564e-05,0
2.3568e-05,-8
2.3572e-05,0
2.3576e-05,0
2.3580e-05,-8
2.3584e-05,-4
2.3588e-05,0
2.3592e-05,-4
2.3596e-05,0
2.3600e-05,0
2.3604e-05,4
2.3608e-05,4
2.3612e-05,-4
2.3616e-05,-4
2.3620e-05,0
2.3624e-05,0
2.3628e-05,4
2.3632e-05,4
2.3636e-05,0
2.3640e-05,0
2.3644e-05,0
2.3648e-05,0
2.3652e-05,0
2.3656e-05,0
2.3660e-05,0
2.3664e-05,-4
2.3668e-05,-8
2.3672e-05,-4
2.3676e-05,0
2.3680e-05,-4
2.3684e-05,-4
2.3688e-05,0
2.3692e-05,-4
2.3696e-05,0
2.3700e-05,0
2.3704e-05,-4
2.3708e-05,0
2.3712e-05,-4
2.3716e-05,0
2.3720e-05,-4
2.3724e-05,-4
2.3728e-05,-4
2.3732e-05,0
2.3736e-05,-4
2.3740e-05,-8
2.3744e-05,-4
2.3748e-05,4
2.3752e-05,4
2.3756e-05,0
2.3760e-05,-4
2.3764e-05,0
2.3768e-05,-4
2.3772e-05,8
2.3776e-05,0
2.3780e-05,0
2.3784e-05,-4
2.3788e-05,-4
2.3792e-05,0
2.3796e-05,0
2.3800e-05,4
2.3804e-05,0
2.3808e-05,0
2.3812e-05,-8
2.3816e-05,0
2.3820e-05,0
2.3824e-05,-4
2.3828e-05,0
2.3832e-05,0
2.3836e-05,-4
2.3840e-05,0
2.3844e-05,0
2.3848e-05,-4
2.3852e-05,-4
2.3856e-05,-4
2.3860e-05,-4
2.3864e-05,0
2.3868e-05,4
2.3872e-05,0
2.3876e-05,-4
2.3880e-05,-12
2.3884e-05,-4
2.3888e-05,0
2.3892e-05,-4
2.3896e-05,0
2.3900e-05,0
2.3904e-05,-4
2.3908e-05,-4
2.3912e-05,4
2.3916e-05,-4
2.3920e-05,0
2.3924e-05,-4
2.3928e-05,-4
2.3932e-05,0
2.3936e-05,-8
2.3940e-05,0
2.3944e-05,0
2.3948e-05,0
2.3952e-05,-4
2.3956e-05,-4
2.3960e-05,0
2.3964e-05,0
2.3968e-05,-4
2.3972e-05,8
2.3976e-05,-4
2.3980e-05,0
2.3984e-05,0
2.3988e-05,4
2.3992e-05,-4
2.3996e-05,-4
2.4000e-05,0
2.4004e-05,-4
2.4008e-05,-4
2.4012e-05,0
2.4016e-05,0
2.4020e-05,0
2.4024e-05,0
2.4028e-05,4
2.4032e-05,-4
2.4036e-05,-4
2.4040e-05,4
2.4044e-05,0
2.4048e-05,0
2.4052e-05,0
2.4056e-05,0
2.4060e-05,4
2.4064e-05,4
2.4068e-05,0
2.4072e-05,-4
2.4076e-05,-4
2.4080e-05,0
2.4084e-05,-4
2.4088e-05,-4
2.4092e-05,0
2.4096e-05,0
2.4100e-05,4
2.4104e-05,0
2.4108e-05,-4
2.4112e-05,0
2.4116e-05,-4
2.4120e-05,-4
2.4124e-05,-4
2.4128e-05,0
2.4132e-05,0
2.4136e-05,0
2.4140e-05,4
2.4144e-05,0
2.4148e-05,4
2.4152e-05,0
2.4156e-05,0
2.4160e-05,0
2.4164e-05,0
2.4168e-05,0
2.4172e-05,-4
2.4176e-05,4
2.4180e-05,-4
2.4184e-05,0
2.4188e-05,0
2.4192e-05,-8
2.4196e-05,-4
2.4200e-05,-4
2.4204e-05,-4
2.4208e-05,-4
2.4212e-05,8
2.4216e-05,0
2.4220e-05,0
2.4224e-05,0
2.4228e-05,4
2.4232e-05,4
2.4236e-05,0
2.4240e-05,-4
2.4244e-05,-4
2.4248e-05,-4
2.4252e-05,0
2.4256e-05,8
2.4260e-05,0
2.4264e-05,-4
2.4268e-05,-8
2.4272e-05,0
2.4276e-05,-4
2.4280e-05,-4
2.4284e-05,4
2.4288e-05,-4
2.4292e-05,0
2.4296e-05,8
2.4300e-05,0
2.4304e-05,-4
2.4308e-05,0
2.4312e-05,0
2.4316e-05,0
2.4320e-05,-4
2.4324e-05,0
2.4328e-05,0
2.4332e-05,-4
2.4336e-05,4
2.4340e-05,4
2.4344e-05,0
2.4348e-05,4
2.4352e-05,0
2.4356e-05,0
2.4360e-05,-4
2.4364e-05,0
2.4368e-05,0
2.4372e-05,0
2.4376e-05,4
2.4380e-05,-4
2.4384e-05,-4
2.4388e-05,0
2.4392e-05,-4
2.4396e-05,0
2.4400e-05,0
2.4404e-05,0
2.4408e-05,-4
2.4412e-05,4
2.4416e-05,0
2.4420e-05,0
2.4424e-05,0
2.4428e-05,0
2.4432e-05,-4
2.4436e-05,-4
2.4440e-05,0
2.4444e-05,4
2.4448e-05,-4
2.4452e-05,-4
2.4456e-05,-8
2.4460e-05,-4
2.4464e-05,-4
2.4468e-05,0
2.4472e-05,0
2.4476e-05,-4
2.4480e-05,4
2.4484e-05,0
2.4488e-05,-4
2.4492e-05,4
2.4496e-05,-4
2.4500e-05,-4
2.4504e-05,-8
2.4508e-05,0
2.4512e-05,4
2.4516e-05,0
2.4520e-05,-4
2.4524e-05,4
2.4528e-05,-4
2.4532e-05,0
2.4536e-05,-4
2.4540e-05,0
2.4544e-05,0
2.4548e-05,0
2.4552e-05,0
2.4556e-05,0
2.4560e-05,4
2.4564e-05,-4
2.4568e-05,0
2.4572e-05,0
2.4576e-05,-4
2.4580e-05,0
2.4584e-05,0
2.4588e-05,0
2.4592e-05,0
2.4596e-05,0
2.4600e-05,0
2.4604e-05,0
2.4608e-05,0
2.4612e-05,-4
2.4616e-05,0
2.4620e-05,0
2.4624e-05,0
2.4628e-05,0
2.4632e-05,0
2.4636e-05,-4
2.4640e-05,-8
2.4644e-05,0
2.4648e-05,4
2.4652e-05,4
2.4656e-05,-4
2.4660e-05,-4
2.4664e-05,-8
2.4668e-05,-4
2.4672e-05,4
2.4676e-05,-4
2.4680e-05,0
2.4684e-05,-4
2.4688e-05,4
2.4692e-05,0
2.4696e-05,-4
2.4700e-05,-4
2.4704e-05,0
2.4708e-05,-4
2.4712e-05,0
2.4716e-05,-4
2.4720e-05,-4
2.4724e-05,0
2.4728e-05,-4
2.4732e-05,4
2.4736e-05,-4
2.4740e-05,0
2.4744e-05,-8
2.4748e-05,-4
2.4752e-05,0
2.4756e-05,-4
2.4760e-05,-4
2.4764e-05,0
2.4768e-05,-4
2.4772e-05,0
2.4776e-05,0
2.4780e-05,-4
2.4784e-05,0
2.4788e-05,0
2.4792e-05,4
2.4796e-05,0
2.4800e-05,-4
2.4804e-05,0
2.4808e-05,0
2.4812e-05,0
2.4816e-05,-4
2.4820e-05,-4
2.4824e-05,0
2.4828e-05,-4
2.4832e-05,0
2.4836e-05,-4
2.4840e-05,-4
2.4844e-05,-4
2.4848e-05,-4
2.4852e-05,0
2.4856e-05,-4
2.4860e-05,0
2.4864e-05,4
2.4868e-05,0
2.4872e-05,0
2.4876e-05,0
2.4880e-05,4
2.4884e-05,0
2.4888e-05,4
2.4892e-05,4
2.4896e-05,4
2.4900e-05,0
2.4904e-05,-8
2.4908e-05,-8
2.4912e-05,-4
2.4916e-05,0
2.4920e-05,-4
2.4924e-05,-4
2.4928e-05,4
2.4932e-05,-12
2.4936e-05,-4
2.4940e-05,0
2.4944e-05,-4
2.4948e-05,4
2.4952e-05,-4
2.4956e-05,-4
2.4960e-05,4
2.4964e-05,-4
2.4968e-05,0
2.4972e-05,0
2.4976e-05,4
2.4980e-05,4
2.4984e-05,-8
2.4988e-05,0
2.4992e-05,0
2.4996e-05,4
2.5000e-05,0
2.5004e-05,4
2.5008e-05,-8
2.5012e-05,-4
2.5016e-05,-4
2.5020e-05,-4
2.5024e-05,-4
2.5028e-05,0
2.5032e-05,4
2.5036e-05,-8
2.5040e-05,0
2.5044e-05,0
2.5048e-05,0
2.5052e-05,-8
2.5056e-05,4
2.5060e-05,-8
2.5064e-05,-12
2.5068e-05,0
2.5072e-05,-8
2.5076e-05,-8
2.5080e-05,-4
2.5084e-05,0
2.5088e-05,-4
2.5092e-05,0
2.5096e-05,-4
2.5100e-05,-4
2.5104e-05,-4
2.5108e-05,0
2.5112e-05,0
2.5116e-05,4
2.5120e-05,-4
2.5124e-05,0
2.5128e-05,0
2.5132e-05,-4
2.5136e-05,0
2.5140e-05,0
2.5144e-05,-4
2.5148e-05,-4
2.5152e-05,-4
2.5156e-05,0
2.5160e-05,0
2.5164e-05,0
2.5168e-05,-8
2.5172e-05,0
2.5176e-05,0
2.5180e-05,0
2.5184e-05,0
2.5188e-05,4
2.5192e-05,0
2.5196e-05,0
2.5200e-05,0
2.5204e-05,-4
2.5208e-05,-8
2.5212e-05,-4
2.5216e-05,-4
2.5220e-05,0
2.5224e-05,-4
2.5228e-05,-8
2.5232e-05,-4
2.5236e-05,4
2.5240e-05,-4
2.5244e-05,8
2.5248e-05,-8
2.5252e-05,-4
2.5256e-05,0
2.5260e-05,-8
2.5264e-05,0
2.5268e-05,0
2.5272e-05,8
2.5276e-05,0
2.5280e-05,0
2.5284e-05,-4
2.5288e-05,8
2.5292e-05,4
2.5296e-05,0
2.5300e-05,0
2.5304e-05,0
2.5308e-05,-4
2.5312e-05,4
2.5316e-05,0
2.5320e-05,0
2.5324e-05,0
2.5328e-05,0
2.5332e-05,-8
2.5336e-05,4
2.5340e-05,-4
2.5344e-05,-4
2.5348e-05,0
2.5352e-05,0
2.5356e-05,0
2.5360e-05,0
2.5364e-05,-4
2.5368e-05,4
2.5372e-05,-8
2.5376e-05,0
2.5380e-05,-4
2.5384e-05,4
2.5388e-05,-4
2.5392e-05,-4
2.5396e-05,0
2.5400e-05,0
2.5404e-05,0
2.5408e-05,0
2.5412e-05,-8
2.5416e-05,-4
2.5420e-05,-4
2.5424e-05,0
2.5428e-05,-4
2.5432e-05,4
2.5436e-05,4
2.5440e-05,-4
2.5444e-05,-4
2.5448e-05,-8
2.5452e-05,0
2.5456e-05,0
2.5460e-05,0
2.5464e-05,0
2.5468e-05,4
2.5472e-05,-4
2.5476e-05,-4
2.5480e-05,-8
2.5484e-05,0
2.5488e-05,-4
2.5492e-05,4
2.5496e-05,4
2.5500e-05,-4
2.5504e-05,-4
2.5508e-05,0
2.5512e-05,4
2.5516e-05,-4
2.5520e-05,-4
2.5524e-05,0
2.5528e-05,-4
2.5532e-05,0
2.5536e-05,0
2.5540e-05,4
2.5544e-05,-4
2.5548e-05,0
2.5552e-05,-4
2.5556e-05,-4
2.5560e-05,0
2.5564e-05,4
2.5568e-05,4
2.5572e-05,0
2.5576e-05,4
2.5580e-05,-4
2.5584e-05,0
2.5588e-05,-4
2.5592e-05,0
2.5596e-05,4
2.5600e-05,-4
2.5604e-05,0
2.5608e-05,0
2.5612e-05,0
2.5616e-05,4
2.5620e-05,0
2.5624e-05,8
2.5628e-05,0
2.5632e-05,8
2.5636e-05,4
2.5640e-05,-4
2.5644e-05,-8
2.5648e-05,0
2.5652e-05,-4
2.5656e-05,-8
2.5660e-05,0
2.5664e-05,-8
2.5668e-05,-4
2.5672e-05,-8
2.5676e-05,-4
2.5680e-05,0
2.5684e-05,0
2.5688e-05,-4
2.5692e-05,0
2.5696e-05,0
2.5700e-05,-4
2.5704e-05,0
2.5708e-05,0
2.5712e-05,0
2.5716e-05,-4
2.5720e-05,-4
2.5724e-05,0
2.5728e-05,-4
2.5732e-05,0
2.5736e-05,-8
2.5740e-05,-4
2.5744e-05,-8
2.5748e-05,4
2.5752e-05,-4
2.5756e-05,4
2.5760e-05,0
2.5764e-05,0
2.5768e-05,-4
2.5772e-05,0
2.5776e-05,-8
2.5780e-05,0
2.5784e-05,0
2.5788e-05,-4
2.5792e-05,-4
2.5796e-05,-4
2.5800e-05,4
2.5804e-05,-4
2.5808e-05,-4
2.5812e-05,0
2.5816e-05,-4
2.5820e-05,0
2.5824e-05,-4
2.5828e-05,0
2.5832e-05,8
2.5836e-05,0
2.5840e-05,0
2.5844e-05,-4
2.5848e-05,-4
2.5852e-05,-4
2.5856e-05,0
2.5860e-05,0
2.5864e-05,0
2.5868e-05,-8
2.5872e-05,0
2.5876e-05,0
2.5880e-05,-4
2.5884e-05,4
2.5888e-05,0
2.5892e-05,4
2.5896e-05,0
2.5900e-05,0
2.5904e-05,0
2.5908e-05,-4
2.5912e-05,0
2.5916e-05,-4
2.5920e-05,-4
2.5924e-05,0
2.5928e-05,0
2.5932e-05,4
2.5936e-05,4
2.5940e-05,-4
2.5944e-05,-4
2.5948e-05,-4
2.5952e-05,4
2.5956e-05,-4
2.5960e-05,0
2.5964e-05,-4
2.5968e-05,0
2.5972e-05,0
2.5976e-05,0
2.5980e-05,4
2.5984e-05,0
2.5988e-05,0
2.5992e-05,0
2.5996e-05,0
2.6000e-05,-4
2.6004e-05,0
2.6008e-05,4
2.6012e-05,0
2.6016e-05,-4
2.6020e-05,-4
2.6024e-05,4
2.6028e-05,-4
2.6032e-05,-4
2.6036e-05,0
2.6040e-05,-4
2.6044e-05,-4
2.6048e-05,0
2.6052e-05,0
2.6056e-05,0
2.6060e-05,0
2.6064e-05,4
2.6068e-05,0
2.6072e-05,0
2.6076e-05,-4
2.6080e-05,0
2.6084e-05,0
2.6088e-05,0
2.6092e-05,0
2.6096e-05,-4
2.6100e-05,0
2.6104e-05,4
2.6108e-05,-8
2.6112e-05,4
2.6116e-05,0
2.6120e-05,0
2.6124e-05,0
2.6128e-05,4
2.6132e-05,0
2.6136e-05,-4
2.6140e-05,0
2.6144e-05,-4
2.6148e-05,4
2.6152e-05,0
2.6156e-05,4
2.6160e-05,0
2.6164e-05,0
2.6168e-05,0
2.6172e-05,0
2.6176e-05,0
2.6180e-05,-4
2.6184e-05,-4
2.6188e-05,4
2.6192e-05,4
2.6196e-05,-4
2.6200e-05,0
2.6204e-05,0
2.6208e-05,0
2.6212e-05,-4
2.6216e-05,4
2.6220e-05,4
2.6224e-05,-8
2.6228e-05,4
2.6232e-05,0
2.6236e-05,-4
2.6240e-05,-8
2.6244e-05,-4
2.6248e-05,0
2.6252e-05,0
2.6256e-05,0
2.6260e-05,0
2.6264e-05,0
2.6268e-05,0
2.6272e-05,-4
2.6276e-05,4
2.6280e-05,0
2.6284e-05,0
2.6288e-05,-8
2.6292e-05,-4
2.6296e-05,-4
2.6300e-05,4
2.6304e-05,0
2.6308e-05,4
2.6312e-05,0
2.6316e-05,-8
2.6320e-05,-4
2.6324e-05,0
2.6328e-05,0
2.6332e-05,-4
2.6336e-05,-4
2.6340e-05,-4
2.6344e-05,4
2.6348e-05,-8
2.6352e-05,0
2.6356e-05,4
2.6360e-05,0
2.6364e-05,-4
2.6368e-05,0
2.6372e-05,-4
2.6376e-05,-4
2.6380e-05,-4
2.6384e-05,-4
2.6388e-05,-4
2.6392e-05,0
2.6396e-05,-4
2.6400e-05,-4
2.6404e-05,-4
2.6408e-05,0
2.6412e-05,0
2.6416e-05,0
2.6420e-05,0
2.6424e-05,4
2.6428e-05,-4
2.6432e-05,0
2.6436e-05,-4
2.6440e-05,0
2.6444e-05,0
2.6448e-05,-4
2.6452e-05,0
2.6456e-05,4
2.6460e-05,-4
2.6464e-05,0
2.6468e-05,0
2.6472e-05,-4
2.6476e-05,0
2.6480e-05,-4
2.6484e-05,4
2.6488e-05,4
2.6492e-05,0
2.6496e-05,0
2.6500e-05,0
2.6504e-05,0
2.6508e-05,0
2.6512e-05,0
2.6516e-05,-4
2.6520e-05,0
2.6524e-05,-4
2.6528e-05,0
2.6532e-05,0
2.6536e-05,0
2.6540e-05,-4
2.6544e-05,0
2.6548e-05,0
2.6552e-05,-12
2.6556e-05,0
2.6560e-05,-4
2.6564e-05,-4
2.6568e-05,0
2.6572e-05,-4
2.6576e-05,0
2.6580e-05,-4
2.6584e-05,0
2.6588e-05,0
2.6592e-05,4
2.6596e-05,0
2.6600e-05,0
2.6604e-05,-4
2.6608e-05,0
2.6612e-05,4
2.6616e-05,0
2.6620e-05,0
2.6624e-05,0
2.6628e-05,0
2.6632e-05,4
2.6636e-05,4
2.6640e-05,0
2.6644e-05,-4
2.6648e-05,0
2.6652e-05,0
2.6656e-05,-4
2.6660e-05,-4
2.6664e-05,0
2.6668e-05,0
2.6672e-05,4
2.6676e-05,4
2.6680e-05,0
2.6684e-05,0
2.6688e-05,-4
2.6692e-05,-4
2.6696e-05,-4
2.6700e-05,-8
2.6704e-05,0
2.6708e-05,-4
2.6712e-05,-4
2.6716e-05,0
2.6720e-05,-4
2.6724e-05,4
2.6728e-05,-4
2.6732e-05,0
2.6736e-05,-4
2.6740e-05,0
2.6744e-05,-4
2.6748e-05,0
2.6752e-05,-12
2.6756e-05,0
2.6760e-05,-8
2.6764e-05,0
2.6768e-05,0
2.6772e-05,4
2.6776e-05,-4
2.6780e-05,4
2.6784e-05,0
2.6788e-05,-4
2.6792e-05,8
2.6796e-05,4
2.6800e-05,0
2.6804e-05,-4
2.6808e-05,-4
2.6812e-05,0
2.6816e-05,4
2.6820e-05,0
2.6824e-05,0
2.6828e-05,0
2.6832e-05,0
2.6836e-05,0
2.6840e-05,-4
2.6844e-05,-4
2.6848e-05,4
2.6852e-05,4
2.6856e-05,0
2.6860e-05,0
2.6864e-05,0
2.6868e-05,0
2.6872e-05,-8
2.6876e-05,4
2.6880e-05,0
2.6884e-05,0
2.6888e-05,-4
2.6892e-05,4
2.6896e-05,0
2.6900e-05,-4
2.6904e-05,0
2.6908e-05,0
2.6912e-05,0
2.6916e-05,0
2.6920e-05,0
2.6924e-05,0
2.6928e-05,0
2.6932e-05,0
2.6936e-05,-4
2.6940e-05,0
2.6944e-05,-4
2.6948e-05,0
2.6952e-05,-4
2.6956e-05,0
2.6960e-05,-4
2.6964e-05,-4
2.6968e-05,0
2.6972e-05,0
2.6976e-05,-4
2.6980e-05,0
2.6984e-05,4
2.6988e-05,0
2.6992e-05,0
2.6996e-05,0
2.7000e-05,-4
2.7004e-05,-4
2.7008e-05,0
2.7012e-05,0
2.7016e-05,-4
2.7020e-05,-4
2.7024e-05,0
2.7028e-05,8
2.7032e-05,-4
2.7036e-05,-4
2.7040e-05,-4
2.7044e-05,-4
2.7048e-05,-4
2.7052e-05,4
2.7056e-05,-4
2.7060e-05,0
2.7064e-05,0
2.7068e-05,0
2.7072e-05,-4
2.7076e-05,0
2.7080e-05,4
2.7084e-05,-4
2.7088e-05,-4
2.7092e-05,0
2.7096e-05,-8
2.7100e-05,-4
2.7104e-05,-4
2.7108e-05,-4
2.7112e-05,0
2.7116e-05,4
2.7120e-05,0
2.7124e-05,-4
2.7128e-05,0
2.7132e-05,0
2.7136e-05,-8
2.7140e-05,0
2.7144e-05,0
2.7148e-05,0
2.7152e-05,-4
2.7156e-05,4
2.7160e-05,0
2.7164e-05,-4
2.7168e-05,-4
2.7172e-05,-4
2.7176e-05,-12
2.7180e-05,-4
2.7184e-05,-4
2.7188e-05,-8
2.7192e-05,-4
2.7196e-05,0
2.7200e-05,0
2.7204e-05,-4
2.7208e-05,0
2.7212e-05,8
2.7216e-05,-4
2.7220e-05,0
2.7224e-05,8
2.7228e-05,0
2.7232e-05,0
2.7236e-05,-4
2.7240e-05,-4
2.7244e-05,-4
2.7248e-05,0
2.7252e-05,0
2.7256e-05,-8
2.7260e-05,4
2.7264e-05,4
2.7268e-05,-4
2.7272e-05,0
2.7276e-05,-4
2.7280e-05,-4
2.7284e-05,0
2.7288e-05,0
2.7292e-05,-8
2.7296e-05,-4
2.7300e-05,-4
2.7304e-05,0
2.7308e-05,-4
2.7312e-05,0
2.7316e-05,-8
2.7320e-05,0
2.7324e-05,0
2.7328e-05,0
2.7332e-05,4
2.7336e-05,-4
2.7340e-05,-4
2.7344e-05,-4
2.7348e-05,0
2.7352e-05,0
2.7356e-05,-4
2.7360e-05,0
2.7364e-05,-4
2.7368e-05,0
2.7372e-05,4
2.7376e-05,0
2.7380e-05,-4
2.7384e-05,-4
2.7388e-05,4
2.7392e-05,-4
2.7396e-05,8
2.7400e-05,0
2.7404e-05,-4
2.7408e-05,-4
2.7412e-05,8
2.7416e-05,-4
2.7420e-05,-4
2.7424e-05,-4
2.7428e-05,-4
2.7432e-05,0
2.7436e-05,4
2.7440e-05,-4
2.7444e-05,0
2.7448e-05,0
2.7452e-05,0
2.7456e-05,0
2.7460e-05,-4
2.7464e-05,4
2.7468e-05,-4
2.7472e-05,-4
2.7476e-05,0
2.7480e-05,0
2.7484e-05,0
2.7488e-05,0
2.7492e-05,0
2.7496e-05,-4
2.7500e-05,-4
2.7504e-05,0
2.7508e-05,-4
2.7512e-05,4
2.7516e-05,0
2.7520e-05,-4
2.7524e-05,0
2.7528e-05,0
2.7532e-05,0
2.7536e-05,4
2.7540e-05,0
2.7544e-05,0
2.7548e-05,-4
2.7552e-05,0
2.7556e-05,0
2.7560e-05,-4
2.7564e-05,0
2.7568e-05,8
2.7572e-05,-4
2.7576e-05,0
2.7580e-05,0
2.7584e-05,-4
2.7588e-05,-4
2.7592e-05,0
2.7596e-05,0
2.7600e-05,4
2.7604e-05,0
2.7608e-05,-4
2.7612e-05,4
2.7616e-05,0
2.7620e-05,4
2.7624e-05,0
2.7628e-05,0
2.7632e-05,-4
2.7636e-05,-4
2.7640e-05,0
2.7644e-05,-4
2.7648e-05,-4
2.7652e-05,8
2.7656e-05,0
2.7660e-05,0
2.7664e-05,-4
2.7668e-05,-4
2.7672e-05,-4
2.7676e-05,-4
2.7680e-05,-4
2.7684e-05,-8
2.7688e-05,0
2.7692e-05,0
2.7696e-05,-8
2.7700e-05,0
2.7704e-05,0
2.7708e-05,0
2.7712e-05,-4
2.7716e-05,-4
2.7720e-05,8
2.7724e-05,4
2.7728e-05,4
2.7732e-05,0
2.7736e-05,-4
2.7740e-05,-4
2.7744e-05,-4
2.7748e-05,0
2.7752e-05,-4
2.7756e-05,-8
2.7760e-05,0
2.7764e-05,-4
2.7768e-05,0
2.7772e-05,0
2.7776e-05,-4
2.7780e-05,0
2.7784e-05,0
2.7788e-05,-4
2.7792e-05,0
2.7796e-05,-4
2.7800e-05,4
2.7804e-05,-8
2.7808e-05,-4
2.7812e-05,4
2.7816e-05,0
2.7820e-05,4
2.7824e-05,0
2.7828e-05,-4
2.7832e-05,-4
2.7836e-05,-8
2.7840e-05,0
2.7844e-05,0
2.7848e-05,-4
2.7852e-05,4
2.7856e-05,-4
2.7860e-05,0
2.7864e-05,-4
2.7868e-05,0
2.7872e-05,0
2.7876e-05,0
2.7880e-05,-4
2.7884e-05,0
2.7888e-05,-4
2.7892e-05,0
2.7896e-05,0
2.7900e-05,4
2.7904e-05,-4
2.7908e-05,0
2.7912e-05,-4
2.7916e-05,4
2.7920e-05,0
2.7924e-05,0
2.7928e-05,-4
2.7932e-05,-4
2.7936e-05,4
2.7940e-05,0
2.7944e-05,4
2.7948e-05,0
2.7952e-05,0
2.7956e-05,0
2.7960e-05,-4
2.7964e-05,0
2.7968e-05,0
2.7972e-05,0
2.7976e-05,0
2.7980e-05,8
2.7984e-05,-4
2.7988e-05,-4
2.7992e-05,-4
2.7996e-05,8
2.8000e-05,0
2.8004e-05,-8
2.8008e-05,0
2.8012e-05,-8
2.8016e-05,0
2.8020e-05,-4
2.8024e-05,4
2.8028e-05,0
2.8032e-05,0
2.8036e-05,0
2.8040e-05,0
2.8044e-05,-4
2.8048e-05,-4
2.8052e-05,4
2.8056e-05,4
2.8060e-05,0
2.8064e-05,-8
2.8068e-05,-8
2.8072e-05,-4
2.8076e-05,4
2.8080e-05,0
2.8084e-05,0
2.8088e-05,0
2.8092e-05,0
2.8096e-05,-4
2.8100e-05,-8
2.8104e-05,-8
2.8108e-05,0
2.8112e-05,0
2.8116e-05,-4
2.8120e-05,0
2.8124e-05,0
2.8128e-05,0
2.8132e-05,-4
2.8136e-05,0
2.8140e-05,0
2.8144e-05,-4
2.8148e-05,0
2.8152e-05,0
2.8156e-05,-4
2.8160e-05,-4
2.8164e-05,-4
2.8168e-05,-4
2.8172e-05,-4
2.8176e-05,4
2.8180e-05,0
2.8184e-05,-4
2.8188e-05,0
2.8192e-05,0
2.8196e-05,4
2.8200e-05,4
2.8204e-05,-4
2.8208e-05,4
2.8212e-05,0
2.8216e-05,0
2.8220e-05,-4
2.8224e-05,0
2.8228e-05,0
2.8232e-05,-4
2.8236e-05,0
2.8240e-05,0
2.8244e-05,-4
2.8248e-05,0
2.8252e-05,-4
2.8256e-05,-4
2.8260e-05,4
2.8264e-05,4
2.8268e-05,-4
2.8272e-05,0
2.8276e-05,-4
2.8280e-05,0
2.8284e-05,-4
2.8288e-05,0
2.8292e-05,0
2.8296e-05,-4
2.8300e-05,0
2.8304e-05,4
2.8308e-05,-4
2.8312e-05,0
2.8316e-05,-4
2.8320e-05,4
2.8324e-05,0
2.8328e-05,-4
2.8332e-05,0
2.8336e-05,4
2.8340e-05,0
2.8344e-05,0
2.8348e-05,0
2.8352e-05,0
2.8356e-05,0
2.8360e-05,-4
2.8364e-05,4
2.8368e-05,0
2.8372e-05,0
2.8376e-05,0
2.8380e-05,4
2.8384e-05,-4
2.8388e-05,4
2.8392e-05,-8
2.8396e-05,4
2.8400e-05,0
2.8404e-05,-8
2.8408e-05,4
2.8412e-05,0
2.8416e-05,0
2.8420e-05,0
2.8424e-05,0
2.8428e-05,0
2.8432e-05,0
2.8436e-05,-4
2.8440e-05,8
2.8444e-05,0
2.8448e-05,0
2.8452e-05,4
2.8456e-05,-4
2.8460e-05,0
2.8464e-05,0
2.8468e-05,4
2.8472e-05,-8
2.8476e-05,0
2.8480e-05,-4
2.8484e-05,-4
2.8488e-05,0
2.8492e-05,8
2.8496e-05,0
2.8500e-05,8
2.8504e-05,0
2.8508e-05,4
2.8512e-05,-4
2.8516e-05,0
2.8520e-05,0
2.8524e-05,0
2.8528e-05,-4
2.8532e-05,0
2.8536e-05,-4
2.8540e-05,-8
2.8544e-05,0
2.8548e-05,-4
2.8552e-05,-4
2.8556e-05,0
2.8560e-05,4
2.8564e-05,-4
2.8568e-05,4
2.8572e-05,-4
2.8576e-05,-4
2.8580e-05,0
2.8584e-05,0
2.8588e-05,0
2.8592e-05,4
2.8596e-05,0
2.8600e-05,0
2.8604e-05,4
2.8608e-05,0
2.8612e-05,0
2.8616e-05,-4
2.8620e-05,-4
2.8624e-05,-4
2.8628e-05,0
2.8632e-05,0
2.8636e-05,0
2.8640e-05,-4
2.8644e-05,-4
2.8648e-05,-4
2.8652e-05,0
2.8656e-05,0
2.8660e-05,-4
2.8664e-05,4
2.8668e-05,-4
2.8672e-05,-4
2.8676e-05,-4
2.8680e-05,4
2.8684e-05,0
2.8688e-05,0
2.8692e-05,0
2.8696e-05,0
2.8700e-05,0
2.8704e-05,-4
2.8708e-05,4
2.8712e-05,4
2.8716e-05,4
2.8720e-05,4
2.8724e-05,-8
2.8728e-05,0
2.8732e-05,0
2.8736e-05,0
2.8740e-05,0
2.8744e-05,0
2.8748e-05,0
2.8752e-05,0
2.8756e-05,0
2.8760e-05,0
2.8764e-05,-8
2.8768e-05,4
2.8772e-05,-4
2.8776e-05,-4
2.8780e-05,-8
2.8784e-05,0
2.8788e-05,-4
2.8792e-05,4
2.8796e-05,0
2.8800e-05,0
2.8804e-05,4
2.8808e-05,4
2.8812e-05,0
2.8816e-05,0
2.8820e-05,4
2.8824e-05,4
2.8828e-05,4
2.8832e-05,4
2.8836e-05,0
2.8840e-05,0
2.8844e-05,0
2.8848e-05,-4
2.8852e-05,0
2.8856e-05,4
2.8860e-05,4
2.8864e-05,0
2.8868e-05,0
2.8872e-05,0
2.8876e-05,4
2.8880e-05,4
2.8884e-05,0
2.8888e-05,-4
2.8892e-05,-4
2.8896e-05,0
2.8900e-05,-4
2.8904e-05,-4
2.8908e-05,4
2.8912e-05,0
2.8916e-05,8
2.8920e-05,-4
2.8924e-05,-4
2.8928e-05,4
2.8932e-05,-4
2.8936e-05,0
2.8940e-05,4
2.8944e-05,0
2.8948e-05,4
2.8952e-05,4
2.8956e-05,8
2.8960e-05,0
2.8964e-05,-4
2.8968e-05,-4
2.8972e-05,4
2.8976e-05,-4
2.8980e-05,-4
2.8984e-05,0
2.8988e-05,-4
2.8992e-05,0
2.8996e-05,-4
2.9000e-05,0
2.9004e-05,4
2.9008e-05,0
2.9012e-05,-4
2.9016e-05,-8
2.9020e-05,0
2.9024e-05,0
2.9028e-05,0
2.9032e-05,0
2.9036e-05,0
2.9040e-05,0
2.9044e-05,0
2.9048e-05,0
2.9052e-05,-4
2.9056e-05,4
2.9060e-05,0
2.9064e-05,4
2.9068e-05,-4
2.9072e-05,4
2.9076e-05,0
2.9080e-05,0
2.9084e-05,0
2.9088e-05,0
2.9092e-05,4
2.9096e-05,0
2.9100e-05,-8
2.9104e-05,-4
2.9108e-05,4
2.9112e-05,0
2.9116e-05,0
2.9120e-05,0
2.9124e-05,0
2.9128e-05,4
2.9132e-05,-4
2.9136e-05,-8
2.9140e-05,4
2.9144e-05,0
2.9148e-05,-4
2.9152e-05,0
2.9156e-05,-4
2.9160e-05,4
2.9164e-05,0
2.9168e-05,-4
2.9172e-05,4
2.9176e-05,-4
2.9180e-05,-4
2.9184e-05,0
2.9188e-05,-4
2.9192e-05,-4
2.9196e-05,0
2.9200e-05,0
2.9204e-05,4
2.9208e-05,0
2.9212e-05,0
2.9216e-05,0
2.9220e-05,0
2.9224e-05,0
2.9228e-05,-4
2.9232e-05,-4
2.9236e-05,-4
2.9240e-05,4
2.9244e-05,0
2.9248e-05,0
2.9252e-05,4
2.9256e-05,-8
2.9260e-05,0
2.9264e-05,4
2.9268e-05,4
2.9272e-05,-4
2.9276e-05,4
2.9280e-05,-4
2.9284e-05,0
2.9288e-05,0
2.9292e-05,0
2.9296e-05,0
2.9300e-05,0
2.9304e-05,0
2.9308e-05,0
2.9312e-05,4
2.9316e-05,4
2.9320e-05,4
2.9324e-05,-4
2.9328e-05,8
2.9332e-05,4
2.9336e-05,4
2.9340e-05,-4
2.9344e-05,-4
2.9348e-05,-4
2.9352e-05,-4
2.9356e-05,8
2.9360e-05,0
2.9364e-05,0
2.9368e-05,0
2.9372e-05,4
2.9376e-05,0
2.9380e-05,0
2.9384e-05,0
2.9388e-05,-4
2.9392e-05,0
2.9396e-05,0
2.9400e-05,4
2.9404e-05,0
2.9408e-05,4
2.9412e-05,0
2.9416e-05,0
2.9420e-05,-4
2.9424e-05,-4
2.9428e-05,-8
2.9432e-05,8
2.9436e-05,-4
2.9440e-05,-4
2.9444e-05,4
2.9448e-05,4
2.9452e-05,-4
2.9456e-05,-4
2.9460e-05,0
2.9464e-05,0
2.9468e-05,8
2.9472e-05,-12
2.9476e-05,4
2.9480e-05,0
2.9484e-05,0
2.9488e-05,-8
2.9492e-05,4
2.9496e-05,-8
2.9500e-05,4
2.9504e-05,-4
2.9508e-05,4
2.9512e-05,-4
2.9516e-05,0
2.9520e-05,0
2.9524e-05,4
2.9528e-05,0
2.9532e-05,-4
2.9536e-05,8
2.9540e-05,0
2.9544e-05,0
2.9548e-05,-4
2.9552e-05,0
2.9556e-05,-4
2.9560e-05,4
2.9564e-05,0
2.9568e-05,4
2.9572e-05,0
2.9576e-05,0
2.9580e-05,0
2.9584e-05,0
2.9588e-05,0
2.9592e-05,0
2.9596e-05,0
